"STATION","NAME","DATE","AWND","PGTM","PRCP","SNOW","SNWD","TAVG","TMAX","TMIN","WDF2","WDF5","WESD","WSF2","WSF5","WT01","WT02","WT03","WT04","WT05","WT06","WT08"
"USW00013743","WASHINGTON REAGAN NATIONAL AIRPORT, VA US","2024-01-01","8.28",,"0.00","0.0","0.0",,"43","38","  340","  340",,"17.0","21.9",,,,,,,
"USW00013743","WASHINGTON REAGAN NATIONAL AIRPORT, VA US","2024-01-02","11.63",,"0.00","0.0","0.0",,"47","33","  330","  330",,"21.0","30.0",,,,,,,
"USW00013743","WASHINGTON REAGAN NATIONAL AIRPORT, VA US","2024-01-03","5.59",,"0.00","0.0","0.0",,"48","34","  320","  340",,"13.0","19.9",,,,,,,
"USW00013743","WASHINGTON REAGAN NATIONAL AIRPORT, VA US","2024-01-04","11.18",,"0.00","0.0","0.0",,"47","32","  340","  340",,"25.1","33.1",,,,,,,
"USW00013743","WASHINGTON REAGAN NATIONAL AIRPORT, VA US","2024-01-05","6.71",,"0.00","0.0","0.0",,"41","27","  340","  340",,"14.1","17.0",,,,,,,
"USW00013743","WASHINGTON REAGAN NATIONAL AIRPORT, VA US","2024-01-06","9.84",,"1.02","0.0","0.0",,"40","33","   60","   60",,"23.9","33.1","    1",,,"    1",,,
"USW00013743","WASHINGTON REAGAN NATIONAL AIRPORT, VA US","2024-01-07","10.96",,"0.00","0.0","0.0",,"53","34","  290","  300",,"23.9","40.0","    1",,,,,,
"USW00013743","WASHINGTON REAGAN NATIONAL AIRPORT, VA US","2024-01-08","6.49",,"0.00","0.0","0.0",,"51","37","  340","  330",,"15.0","21.9",,,,,,,
"USW00013743","WASHINGTON REAGAN NATIONAL AIRPORT, VA US","2024-01-09","13.87",,"2.24","0.0","0.0",,"59","39","  150","  150",,"36.0","52.1","    1",,,,,,
"USW00013743","WASHINGTON REAGAN NATIONAL AIRPORT, VA US","2024-01-10","12.97",,"0.00","0.0","0.0",,"57","41","  270","  280",,"25.9","40.9",,,,,,,
"USW00013743","WASHINGTON REAGAN NATIONAL AIRPORT, VA US","2024-01-11","6.71",,"0.00","0.0","0.0",,"52","33","  190","  190",,"15.0","21.0",,,,,,,
"USW00013743","WASHINGTON REAGAN NATIONAL AIRPORT, VA US","2024-01-12","8.05",,"0.33","0.0","0.0",,"54","34","  110","  110",,"21.0","31.1","    1",,,,,,
"USW00013743","WASHINGTON REAGAN NATIONAL AIRPORT, VA US","2024-01-13","13.20",,"0.04","0.0","0.0",,"55","34","  270","  260",,"32.0","48.1","    1",,,,,,
"USW00013743","WASHINGTON REAGAN NATIONAL AIRPORT, VA US","2024-01-14","13.87",,"0.00","0.0","0.0",,"50","31","  240","  250",,"35.1","52.1",,,,,,,
"USW00013743","WASHINGTON REAGAN NATIONAL AIRPORT, VA US","2024-01-15","4.92",,"0.31","3.4","0.0",,"31","25","  350","  360",,"15.0","19.0","    1",,,,,,
"USW00013743","WASHINGTON REAGAN NATIONAL AIRPORT, VA US","2024-01-16","13.20",,"0.04","0.7","3.1",,"32","20","  320","  330",,"25.9","38.0","    1",,,,,"    1",
"USW00013743","WASHINGTON REAGAN NATIONAL AIRPORT, VA US","2024-01-17","7.83",,"0.00","0.0","2.0",,"30","16","  220","  210",,"17.0","23.9",,,,,,,
"USW00013743","WASHINGTON REAGAN NATIONAL AIRPORT, VA US","2024-01-18","3.80",,"0.00","0.0","2.0",,"40","22","  210","  210",,"10.1","13.0",,,,,,,
"USW00013743","WASHINGTON REAGAN NATIONAL AIRPORT, VA US","2024-01-19","8.72",,"0.28","3.7","3.9",,"34","29","  320","  330",,"16.1","23.0","    1","    1",,,,,"    1"
"USW00013743","WASHINGTON REAGAN NATIONAL AIRPORT, VA US","2024-01-20","12.75",,"0.00","0.0","5.1",,"29","21","  330","  320",,"28.0","38.9",,,,,,,
"USW00013743","WASHINGTON REAGAN NATIONAL AIRPORT, VA US","2024-01-21","11.86",,"0.00","0.0","3.9",,"34","21","  310","  290",,"25.1","36.9",,,,,,,
"USW00013743","WASHINGTON REAGAN NATIONAL AIRPORT, VA US","2024-01-22","4.70",,"0.00","0.0","3.9",,"39","21","  200","  220",,"13.0","17.0",,,,,,,
"USW00013743","WASHINGTON REAGAN NATIONAL AIRPORT, VA US","2024-01-23","2.91",,"0.00","0.0","3.1",,"45","29","  180","  190",,"10.1","13.0",,,,,,,
"USW00013743","WASHINGTON REAGAN NATIONAL AIRPORT, VA US","2024-01-24","3.58",,"0.00","0.0","0.0",,"51","37","  350","   50",,"8.1","8.9",,,,,,,"    1"
"USW00013743","WASHINGTON REAGAN NATIONAL AIRPORT, VA US","2024-01-25","3.13",,"0.10","0.0","0.0",,"65","44","  170","  160",,"8.9","11.0","    1","    1",,,,,
"USW00013743","WASHINGTON REAGAN NATIONAL AIRPORT, VA US","2024-01-26","8.72",,"0.05","0.0","0.0",,"80","52","  170","  260",,"19.9","23.9","    1","    1",,,,,
"USW00013743","WASHINGTON REAGAN NATIONAL AIRPORT, VA US","2024-01-27","4.92",,"0.21","0.0","0.0",,"61","42","  110","   90",,"15.0","21.0","    1",,,,,,
"USW00013743","WASHINGTON REAGAN NATIONAL AIRPORT, VA US","2024-01-28","10.07",,"1.26","0.0","0.0",,"46","42","   50","   40",,"18.1","23.0","    1",,,,,,
"USW00013743","WASHINGTON REAGAN NATIONAL AIRPORT, VA US","2024-01-29","15.66",,"0.00","0.0","0.0",,"48","41","  330","  330",,"28.0","38.0",,,,,,,
"USW00013743","WASHINGTON REAGAN NATIONAL AIRPORT, VA US","2024-01-30","6.93",,"0.00","0.0","0.0",,"44","39","  130","  130",,"14.1","18.1",,,,,,,
"USW00013743","WASHINGTON REAGAN NATIONAL AIRPORT, VA US","2024-01-31","4.25",,"0.00","0.0","0.0",,"44","37","   30","   40",,"12.1","16.1",,,,,,,
"USW00013743","WASHINGTON REAGAN NATIONAL AIRPORT, VA US","2024-02-01","7.16",,"0.00","0.0","0.0",,"54","32","  170","  170","0.0","14.1","19.0","    1","    1",,,,,
"USW00013743","WASHINGTON REAGAN NATIONAL AIRPORT, VA US","2024-02-02","10.29",,"0.01","0.0","0.0",,"52","42","  340","  350","0.0","23.0","30.0",,,,,,,
"USW00013743","WASHINGTON REAGAN NATIONAL AIRPORT, VA US","2024-02-03","8.05",,"0.00","0.0","0.0",,"51","35","   10","  360","0.0","17.0","23.0",,,,,,,
"USW00013743","WASHINGTON REAGAN NATIONAL AIRPORT, VA US","2024-02-04","3.13",,"0.00","0.0","0.0",,"51","32","   60","   50","0.0","10.1","13.0",,,,,,,
"USW00013743","WASHINGTON REAGAN NATIONAL AIRPORT, VA US","2024-02-05","6.26",,"0.00","0.0","0.0",,"53","32","  350","   10","0.0","14.1","18.1",,,,,,,
"USW00013743","WASHINGTON REAGAN NATIONAL AIRPORT, VA US","2024-02-06","9.40",,"0.00","0.0","0.0",,"48","33","   20","   10","0.0","18.1","33.1",,,,,,,
"USW00013743","WASHINGTON REAGAN NATIONAL AIRPORT, VA US","2024-02-07","3.80",,"0.00","0.0","0.0",,"53","31","  130","  130","0.0","8.1","10.1",,,,,,,
"USW00013743","WASHINGTON REAGAN NATIONAL AIRPORT, VA US","2024-02-08","6.49",,"0.00","0.0","0.0",,"56","34","  160","  160","0.0","12.1","16.1",,,,,,,
"USW00013743","WASHINGTON REAGAN NATIONAL AIRPORT, VA US","2024-02-09","6.93",,"0.00","0.0","0.0",,"63","42","  160",,"0.0","12.1",,,,,,,,
"USW00013743","WASHINGTON REAGAN NATIONAL AIRPORT, VA US","2024-02-10","5.59",,"0.00","0.0","0.0",,"64","45","  210","  210","0.0","16.1","21.9",,,,,,,
"USW00013743","WASHINGTON REAGAN NATIONAL AIRPORT, VA US","2024-02-11","4.70",,"0.13","0.0","0.0",,"54","47","   30","   30","0.0","12.1","16.1","    1",,,,,,
"USW00013743","WASHINGTON REAGAN NATIONAL AIRPORT, VA US","2024-02-12","4.25",,"0.11","0.0","0.0",,"49","44","   90","   90","0.0","13.0","17.0","    1",,,,,,"    1"
"USW00013743","WASHINGTON REAGAN NATIONAL AIRPORT, VA US","2024-02-13","13.42",,"0.74","0.0","0.0",,"49","36","  330","  350","0.0","30.0","47.0","    1",,,,,,
"USW00013743","WASHINGTON REAGAN NATIONAL AIRPORT, VA US","2024-02-14","11.86",,"0.00","0.0","0.0",,"47","35","  340","  340","0.0","25.9","35.1",,,,,,,
"USW00013743","WASHINGTON REAGAN NATIONAL AIRPORT, VA US","2024-02-15","7.38",,"0.00","0.0","0.0",,"49","32","  180","  180","0.0","18.1","28.0",,,,,,,
"USW00013743","WASHINGTON REAGAN NATIONAL AIRPORT, VA US","2024-02-16","10.07",,"0.00","0.0","0.0",,"51","39","  290","  310","0.0","25.1","38.9",,,,,,,
"USW00013743","WASHINGTON REAGAN NATIONAL AIRPORT, VA US","2024-02-17","12.75",,"0.10","0.1","0.0",,"42","31","  280","  290","0.0","28.0","40.0","    1",,,,,,
"USW00013743","WASHINGTON REAGAN NATIONAL AIRPORT, VA US","2024-02-18","8.28",,"0.00","0.0","0.0",,"50","26","  220","  220","0.0","21.0","28.0",,,,,,,
"USW00013743","WASHINGTON REAGAN NATIONAL AIRPORT, VA US","2024-02-19","5.37",,"0.00","0.0","0.0",,"49","33","  340","  340","0.0","14.1","21.9",,,,,,,
"USW00013743","WASHINGTON REAGAN NATIONAL AIRPORT, VA US","2024-02-20","5.14",,"0.00","0.0","0.0",,"51","31","  100","  100","0.0","15.0","17.0",,,,,,,
"USW00013743","WASHINGTON REAGAN NATIONAL AIRPORT, VA US","2024-02-21","5.59",,"0.00","0.0","0.0",,"50","31","  120","  130","0.0","13.0","17.0",,,,,,,
"USW00013743","WASHINGTON REAGAN NATIONAL AIRPORT, VA US","2024-02-22","6.71",,"0.00","0.0","0.0",,"53","33","  180","  180","0.0","16.1","21.0",,,"    1",,,,
"USW00013743","WASHINGTON REAGAN NATIONAL AIRPORT, VA US","2024-02-23","5.14",,"0.01","0.0","0.0",,"52","41","  320","  320","0.0","12.1","15.0",,,,,,,
"USW00013743","WASHINGTON REAGAN NATIONAL AIRPORT, VA US","2024-02-24","10.51",,"0.02","0.0","0.0",,"53","33","  350","  320","0.0","21.0","28.0",,,,,,,
"USW00013743","WASHINGTON REAGAN NATIONAL AIRPORT, VA US","2024-02-25","8.28",,"0.00","0.0","0.0",,"47","29","  170","  210","0.0","15.0","19.9",,,,,,,
"USW00013743","WASHINGTON REAGAN NATIONAL AIRPORT, VA US","2024-02-26","6.04",,"0.00","0.0","0.0",,"68","38","  180","  190","0.0","13.0","17.0",,,,,,,
"USW00013743","WASHINGTON REAGAN NATIONAL AIRPORT, VA US","2024-02-27","8.05",,"0.02","0.0","0.0",,"64","43","  170","  180","0.0","21.9","28.0","    1",,,,,,
"USW00013743","WASHINGTON REAGAN NATIONAL AIRPORT, VA US","2024-02-28","17.00",,"0.27","0.0","0.0",,"65","42","  300","  330","0.0","32.0","50.1","    1",,,,,,
"USW00013743","WASHINGTON REAGAN NATIONAL AIRPORT, VA US","2024-02-29","12.08",,"0.00","0.0","0.0",,"50","33","  320","  320","0.0","23.9","35.1",,,,,,,
"USW00013743","WASHINGTON REAGAN NATIONAL AIRPORT, VA US","2024-03-01","6.93",,"0.04","0.0","0.0",,"54","33","  140","  150","0.0","16.1","25.1",,,,,,,
"USW00013743","WASHINGTON REAGAN NATIONAL AIRPORT, VA US","2024-03-02","8.28",,"0.73","0.0","0.0",,"55","42","  310","  310","0.0","16.1","21.9","    1",,,,,,
"USW00013743","WASHINGTON REAGAN NATIONAL AIRPORT, VA US","2024-03-03","3.80",,"0.00","0.0","0.0",,"65","43","  170","  170","0.0","8.9","13.0","    1",,,,,,
"USW00013743","WASHINGTON REAGAN NATIONAL AIRPORT, VA US","2024-03-04","6.71",,"0.07","0.0","0.0",,"69","49","   80","   90","0.0","17.0","23.0","    1",,,,,,
"USW00013743","WASHINGTON REAGAN NATIONAL AIRPORT, VA US","2024-03-05","8.50",,"0.52","0.0","0.0",,"59","48","   20","   30","0.0","19.9","27.1","    1",,,,,,
"USW00013743","WASHINGTON REAGAN NATIONAL AIRPORT, VA US","2024-03-06","7.61",,"0.19","0.0","0.0",,"56","50","   30","   30","0.0","16.1","25.9","    1",,,,,,
"USW00013743","WASHINGTON REAGAN NATIONAL AIRPORT, VA US","2024-03-07","10.07",,"0.01","0.0","0.0",,"65","50","  360","   30","0.0","21.0","25.9",,,,,,,
"USW00013743","WASHINGTON REAGAN NATIONAL AIRPORT, VA US","2024-03-08","8.05",,"0.00","0.0","0.0",,"61","46","  110","  120","0.0","16.1","19.9",,,,,,,
"USW00013743","WASHINGTON REAGAN NATIONAL AIRPORT, VA US","2024-03-09","8.05",,"0.81","0.0","0.0",,"54","44","  330","  320","0.0","19.9","27.1","    1",,"    1",,,,
"USW00013743","WASHINGTON REAGAN NATIONAL AIRPORT, VA US","2024-03-10","17.00",,"0.02","0.0","0.0",,"51","40","  280","  290","0.0","36.0","49.0",,,,,,,
"USW00013743","WASHINGTON REAGAN NATIONAL AIRPORT, VA US","2024-03-11","16.33",,"0.00","0.0","0.0",,"58","40","  310","  300","0.0","30.0","45.0",,,,,,,
"USW00013743","WASHINGTON REAGAN NATIONAL AIRPORT, VA US","2024-03-12","9.17",,"0.00","0.0","0.0",,"75","42","  290","  280","0.0","21.9","35.1",,,,,,,
"USW00013743","WASHINGTON REAGAN NATIONAL AIRPORT, VA US","2024-03-13","4.25",,"0.00","0.0","0.0",,"75","46","  230","  220","0.0","14.1","21.0",,,,,,,
"USW00013743","WASHINGTON REAGAN NATIONAL AIRPORT, VA US","2024-03-14","6.93",,"0.00","0.0","0.0",,"77","47","  180","  180","0.0","15.0","19.9",,,,,,,
"USW00013743","WASHINGTON REAGAN NATIONAL AIRPORT, VA US","2024-03-15","8.95",,"0.02","0.0","0.0",,"76","57","  340","  340","0.0","21.9","28.0",,,,,,,
"USW00013743","WASHINGTON REAGAN NATIONAL AIRPORT, VA US","2024-03-16","8.95",,"0.00","0.0","0.0",,"66","48","  170","  170","0.0","17.0","21.9",,,,,,,
"USW00013743","WASHINGTON REAGAN NATIONAL AIRPORT, VA US","2024-03-17","8.95",,"0.00","0.0","0.0",,"73","50","  350","  360","0.0","28.0","35.1",,,,,,,
"USW00013743","WASHINGTON REAGAN NATIONAL AIRPORT, VA US","2024-03-18","15.66",,"0.00","0.0","0.0",,"53","38","  330","  320","0.0","28.0","40.9",,,,,,,
"USW00013743","WASHINGTON REAGAN NATIONAL AIRPORT, VA US","2024-03-19","10.96",,"0.00","0.0","0.0",,"53","35","  300","  260","0.0","23.9","35.1",,,,,,,
"USW00013743","WASHINGTON REAGAN NATIONAL AIRPORT, VA US","2024-03-20","16.55",,"0.00","0.0","0.0",,"70","40","  340","  290","0.0","33.1","45.0",,,,,,,
"USW00013743","WASHINGTON REAGAN NATIONAL AIRPORT, VA US","2024-03-21","10.96",,"0.00","0.0","0.0",,"51","32","  340","  350","0.0","21.0","28.0",,,,,,,
"USW00013743","WASHINGTON REAGAN NATIONAL AIRPORT, VA US","2024-03-22","8.28",,"0.02","0.0","0.0",,"52","35","  120","  140","0.0","16.1","19.9",,,,,,,
"USW00013743","WASHINGTON REAGAN NATIONAL AIRPORT, VA US","2024-03-23","16.55",,"1.61","0.0","0.0",,"56","37","  330","  330","0.0","31.1","42.1","    1",,,,,,
"USW00013743","WASHINGTON REAGAN NATIONAL AIRPORT, VA US","2024-03-24","10.51",,"0.00","0.0","0.0",,"53","33","  340","  340","0.0","25.1","32.0",,,,,,,
"USW00013743","WASHINGTON REAGAN NATIONAL AIRPORT, VA US","2024-03-25","6.71",,"0.00","0.0","0.0",,"57","36","  110","  120","0.0","13.0","18.1",,,,,,,
"USW00013743","WASHINGTON REAGAN NATIONAL AIRPORT, VA US","2024-03-26","6.49",,"0.00","0.0","0.0",,"61","39","  110","  120","0.0","16.1","21.0",,,,,,,
"USW00013743","WASHINGTON REAGAN NATIONAL AIRPORT, VA US","2024-03-27","5.14",,"0.78","0.0","0.0",,"50","46","  110","  190","0.0","14.1","18.1","    1",,"    1",,,,
"USW00013743","WASHINGTON REAGAN NATIONAL AIRPORT, VA US","2024-03-28","9.40",,"0.06","0.0","0.0",,"54","48","  340","  350","0.0","21.0","25.9","    1",,,,,,
"USW00013743","WASHINGTON REAGAN NATIONAL AIRPORT, VA US","2024-03-29","12.30",,"0.00","0.0","0.0",,"65","40","  300","  280","0.0","28.0","47.0",,,,,,,
"USW00013743","WASHINGTON REAGAN NATIONAL AIRPORT, VA US","2024-03-30","5.82",,"0.01","0.0","0.0",,"67","40","   10","   10","0.0","31.1","40.9",,,"    1",,,,
"USW00013743","WASHINGTON REAGAN NATIONAL AIRPORT, VA US","2024-03-31","5.37",,"0.00","0.0","0.0",,"67","47","   10","  360","0.0","17.0","23.9","    1",,,,,,
"USW00013743","WASHINGTON REAGAN NATIONAL AIRPORT, VA US","2024-04-01","6.71",,"0.25","0.0","0.0",,"57","52","   30","   30","0.0","16.1","19.0","    1",,"    1",,,,
"USW00013743","WASHINGTON REAGAN NATIONAL AIRPORT, VA US","2024-04-02","8.50",,"0.38","0.0","0.0",,"54","49","  110","  110","0.0","23.0","28.0","    1",,"    1",,,,
"USW00013743","WASHINGTON REAGAN NATIONAL AIRPORT, VA US","2024-04-03","9.62",,"1.03","0.0","0.0",,"53","46","  320","  320","0.0","21.9","31.1","    1",,"    1",,,,
"USW00013743","WASHINGTON REAGAN NATIONAL AIRPORT, VA US","2024-04-04","7.16",,"0.02","0.0","0.0",,"58","40","  300","  300","0.0","30.0","46.1",,,,,,,
"USW00013743","WASHINGTON REAGAN NATIONAL AIRPORT, VA US","2024-04-05","13.42",,"0.00","0.0","0.0",,"57","40","  330","  340","0.0","25.1","38.0",,,,,,,
"USW00013743","WASHINGTON REAGAN NATIONAL AIRPORT, VA US","2024-04-06","13.87",,"0.00","0.0","0.0",,"57","41","  330","  340","0.0","28.0","38.0",,,,,,,
"USW00013743","WASHINGTON REAGAN NATIONAL AIRPORT, VA US","2024-04-07","8.72",,"0.00","0.0","0.0",,"65","43","  310","  320","0.0","17.0","25.9",,,,,,,
"USW00013743","WASHINGTON REAGAN NATIONAL AIRPORT, VA US","2024-04-08","6.26",,"0.00","0.0","0.0",,"71","44","   60","  180","0.0","14.1","19.0",,,,,,,
"USW00013743","WASHINGTON REAGAN NATIONAL AIRPORT, VA US","2024-04-09","5.59",,"0.00","0.0","0.0",,"78","51","  120","  110","0.0","14.1","19.0",,,,,,,
"USW00013743","WASHINGTON REAGAN NATIONAL AIRPORT, VA US","2024-04-10","7.61",,"0.00","0.0","0.0",,"77","59","  170","  170","0.0","15.0","18.1",,,,,,,
"USW00013743","WASHINGTON REAGAN NATIONAL AIRPORT, VA US","2024-04-11","13.20",,"0.00","0.0","0.0",,"73","61","  140","  140","0.0","23.0","33.1",,,,,,,"    1"
"USW00013743","WASHINGTON REAGAN NATIONAL AIRPORT, VA US","2024-04-12","15.21",,"0.19","0.0","0.0",,"69","59","  240","  240","0.0","35.1","49.0","    1",,,,,,
"USW00013743","WASHINGTON REAGAN NATIONAL AIRPORT, VA US","2024-04-13","15.66",,"0.00","0.0","0.0",,"68","54","  300","  300","0.0","31.1","50.1",,,,,,,
"USW00013743","WASHINGTON REAGAN NATIONAL AIRPORT, VA US","2024-04-14","12.30",,"0.00","0.0","0.0",,"82","48","  190","  180","0.0","28.0","42.1",,,,,,,
"USW00013743","WASHINGTON REAGAN NATIONAL AIRPORT, VA US","2024-04-15","5.14",,"0.14","0.0","0.0",,"83","63","  170","  180","0.0","15.0","18.1",,,"    1",,"    1",,
"USW00013743","WASHINGTON REAGAN NATIONAL AIRPORT, VA US","2024-04-16","8.72",,"0.00","0.0","0.0",,"74","57","   10","   10","0.0","21.9","29.1",,,,,,,
"USW00013743","WASHINGTON REAGAN NATIONAL AIRPORT, VA US","2024-04-17","6.93",,"0.00","0.0","0.0",,"74","58","  330","  180","0.0","16.1","21.0",,,,,,,
"USW00013743","WASHINGTON REAGAN NATIONAL AIRPORT, VA US","2024-04-18","8.28",,"0.00","0.0","0.0",,"79","57","  350","  340","0.0","17.0","23.9","    1",,,,,,"    1"
"USW00013743","WASHINGTON REAGAN NATIONAL AIRPORT, VA US","2024-04-19","6.93",,"0.01","0.0","0.0",,"57","51","  120","  100","0.0","14.1","17.0",,,,,,,
"USW00013743","WASHINGTON REAGAN NATIONAL AIRPORT, VA US","2024-04-20","9.17",,"0.01","0.0","0.0",,"75","55","   10","  320","0.0","21.9","29.1",,,,,,,
"USW00013743","WASHINGTON REAGAN NATIONAL AIRPORT, VA US","2024-04-21","8.50",,"0.00","0.0","0.0",,"62","47","   10","   10","0.0","19.9","25.1",,,,,,,
"USW00013743","WASHINGTON REAGAN NATIONAL AIRPORT, VA US","2024-04-22","7.83",,"0.00","0.0","0.0",,"65","42","  330","  330","0.0","18.1","23.9",,,,,,,
"USW00013743","WASHINGTON REAGAN NATIONAL AIRPORT, VA US","2024-04-23","9.84",,"0.00","0.0","0.0",,"72","44","  200","  200","0.0","21.0","28.0",,,,,,,
"USW00013743","WASHINGTON REAGAN NATIONAL AIRPORT, VA US","2024-04-24","10.51",,"0.00","0.0","0.0",,"77","57","  330","  330","0.0","21.0","29.1",,,,,,,
"USW00013743","WASHINGTON REAGAN NATIONAL AIRPORT, VA US","2024-04-25","9.40",,"0.00","0.0","0.0",,"62","49","   10","   30","0.0","16.1","21.9",,,,,,,
"USW00013743","WASHINGTON REAGAN NATIONAL AIRPORT, VA US","2024-04-26","9.17",,"0.00","0.0","0.0",,"66","46","   90","  170","0.0","17.0","23.0",,,,,,,
"USW00013743","WASHINGTON REAGAN NATIONAL AIRPORT, VA US","2024-04-27","6.71",,"0.03","0.0","0.0",,"60","52","  180","  170","0.0","14.1","18.1","    1",,,,,,
"USW00013743","WASHINGTON REAGAN NATIONAL AIRPORT, VA US","2024-04-28","6.04",,"0.00","0.0","0.0",,"84","56","  170","  200","0.0","15.0","19.0",,,,,,,
"USW00013743","WASHINGTON REAGAN NATIONAL AIRPORT, VA US","2024-04-29","8.28",,"0.00","0.0","0.0",,"89","62","  180","  190","0.0","14.1","18.1",,,,,,,
"USW00013743","WASHINGTON REAGAN NATIONAL AIRPORT, VA US","2024-04-30","10.51",,"0.00","0.0","0.0",,"85","64","  330","  320","0.0","21.9","31.1",,,"    1",,,,
"USW00013743","WASHINGTON REAGAN NATIONAL AIRPORT, VA US","2024-05-01","6.93",,"0.00","0.0","0.0",,"85","64","  250","  290","0.0","14.1","25.9",,,,,,,
"USW00013743","WASHINGTON REAGAN NATIONAL AIRPORT, VA US","2024-05-02","6.93",,"0.00","0.0","0.0",,"91","63","  160","  180","0.0","16.1","21.9",,,,,,,
"USW00013743","WASHINGTON REAGAN NATIONAL AIRPORT, VA US","2024-05-03","10.74",,"0.00","0.0","0.0",,"76","55","  120","   60","0.0","18.1","31.1",,,,,,,
"USW00013743","WASHINGTON REAGAN NATIONAL AIRPORT, VA US","2024-05-04","7.61",,"0.82","0.0","0.0",,"56","53","   80","   70","0.0","14.1","17.0","    1",,"    1",,,,
"USW00013743","WASHINGTON REAGAN NATIONAL AIRPORT, VA US","2024-05-05","5.37",,"0.58","0.0","0.0",,"72","55","  150","  150","0.0","10.1","14.1","    1",,,,,,
"USW00013743","WASHINGTON REAGAN NATIONAL AIRPORT, VA US","2024-05-06","3.58",,"0.02","0.0","0.0",,"77","67","  170","  210","0.0","10.1","14.1","    1",,,,,,
"USW00013743","WASHINGTON REAGAN NATIONAL AIRPORT, VA US","2024-05-07","5.14",,"0.01","0.0","0.0",,"79","68","  180","  180","0.0","14.1","18.1","    1",,,,,,
"USW00013743","WASHINGTON REAGAN NATIONAL AIRPORT, VA US","2024-05-08","8.05",,"0.00","0.0","0.0",,"88","68","  240","  230","0.0","18.1","27.1",,,,,,,
"USW00013743","WASHINGTON REAGAN NATIONAL AIRPORT, VA US","2024-05-09","7.16",,"0.22","0.0","0.0",,"75","60","  320","   10","0.0","19.9","28.0","    1",,"    1",,,,
"USW00013743","WASHINGTON REAGAN NATIONAL AIRPORT, VA US","2024-05-10","9.84",,"0.07","0.0","0.0",,"61","51","   40","   30","0.0","18.1","23.9","    1",,"    1",,,,
"USW00013743","WASHINGTON REAGAN NATIONAL AIRPORT, VA US","2024-05-11","7.61",,"0.24","0.0","0.0",,"67","48","  280","  300","0.0","23.0","35.1",,,"    1",,,,"    1"
"USW00013743","WASHINGTON REAGAN NATIONAL AIRPORT, VA US","2024-05-12","8.05",,"0.40","0.0","0.0",,"70","50","  320","  340","0.0","21.0","30.0","    1",,"    1",,,,
"USW00013743","WASHINGTON REAGAN NATIONAL AIRPORT, VA US","2024-05-13","8.28",,"0.00","0.0","0.0",,"77","52","  170","  170","0.0","17.0","23.9",,,,,,,
"USW00013743","WASHINGTON REAGAN NATIONAL AIRPORT, VA US","2024-05-14","6.49",,"0.27","0.0","0.0",,"69","62","  170","  170","0.0","23.9","33.1","    1",,,,,,
"USW00013743","WASHINGTON REAGAN NATIONAL AIRPORT, VA US","2024-05-15","8.05",,"0.09","0.0","0.0",,"68","61","   40","   50","0.0","17.0","21.0","    1",,,,,,"    1"
"USW00013743","WASHINGTON REAGAN NATIONAL AIRPORT, VA US","2024-05-16","11.41",,"0.00","0.0","0.0",,"82","59","  350","  360","0.0","21.0","25.9",,,,,,,"    1"
"USW00013743","WASHINGTON REAGAN NATIONAL AIRPORT, VA US","2024-05-17","6.49",,"0.00","0.0","0.0",,"69","64","   50","   50","0.0","13.0","16.1",,,,,,,
"USW00013743","WASHINGTON REAGAN NATIONAL AIRPORT, VA US","2024-05-18","3.13",,"0.55","0.0","0.0",,"65","62","  180","  200","0.0","10.1","13.0","    1",,,,,,
"USW00013743","WASHINGTON REAGAN NATIONAL AIRPORT, VA US","2024-05-19","3.58",,"0.00","0.0","0.0",,"76","63","   20","   20","0.0","8.9","11.0","    1",,,,,,
"USW00013743","WASHINGTON REAGAN NATIONAL AIRPORT, VA US","2024-05-20","4.47",,"0.00","0.0","0.0",,"81","60","  200","  180","0.0","8.9","12.1",,,,,,,
"USW00013743","WASHINGTON REAGAN NATIONAL AIRPORT, VA US","2024-05-21","8.28",,"0.00","0.0","0.0",,"83","62","  170","  190","0.0","13.0","16.1",,,,,,,
"USW00013743","WASHINGTON REAGAN NATIONAL AIRPORT, VA US","2024-05-22","9.17",,"0.00","0.0","0.0",,"87","65","  170","  200","0.0","14.1","19.0",,,,,,,
"USW00013743","WASHINGTON REAGAN NATIONAL AIRPORT, VA US","2024-05-23","6.26",,"0.02","0.0","0.0",,"86","72","  330","  320","0.0","14.1","21.9",,,,,,,
"USW00013743","WASHINGTON REAGAN NATIONAL AIRPORT, VA US","2024-05-24","6.26",,"0.01","0.0","0.0",,"88","70","  180","  180","0.0","13.0","15.0",,,,,,,
"USW00013743","WASHINGTON REAGAN NATIONAL AIRPORT, VA US","2024-05-25","6.93",,"0.04","0.0","0.0",,"87","69","  320","  290","0.0","16.1","23.0","    1",,"    1",,,,
"USW00013743","WASHINGTON REAGAN NATIONAL AIRPORT, VA US","2024-05-26","5.82",,,"0.0","0.0",,"88","68","  240","  230","0.0","25.9","36.9",,,"    1",,,,
"USW00013743","WASHINGTON REAGAN NATIONAL AIRPORT, VA US","2024-05-27","9.62",,"0.17","0.0","0.0",,"82","68","  290","  280","0.0","21.9","35.1",,,"    1",,,,
"USW00013743","WASHINGTON REAGAN NATIONAL AIRPORT, VA US","2024-05-28","9.17",,"0.41","0.0","0.0",,"83","64","  290","  280","0.0","30.0","44.1",,,"    1",,,,
"USW00013743","WASHINGTON REAGAN NATIONAL AIRPORT, VA US","2024-05-29","5.37",,"0.38","0.0","0.0",,"79","60","  300","  300","0.0","29.1","38.0",,,"    1",,,,
"USW00013743","WASHINGTON REAGAN NATIONAL AIRPORT, VA US","2024-05-30","11.41",,"0.00","0.0","0.0",,"76","58","  350","  280","0.0","18.1","25.1",,,,,,,
"USW00013743","WASHINGTON REAGAN NATIONAL AIRPORT, VA US","2024-05-31","9.40",,"0.00","0.0","0.0",,"77","56","  330","  340","0.0","19.9","31.1",,,,,,,
"USW00013743","WASHINGTON REAGAN NATIONAL AIRPORT, VA US","2024-06-01","7.16",,"0.00","0.0","0.0",,"81","58","  160","  170","0.0","16.1","19.9",,,,,,,
"USW00013743","WASHINGTON REAGAN NATIONAL AIRPORT, VA US","2024-06-02","10.07",,"0.00","0.0","0.0",,"83","64","  250","  200","0.0","19.9","27.1",,,,,,,
"USW00013743","WASHINGTON REAGAN NATIONAL AIRPORT, VA US","2024-06-03","4.70",,"0.01","0.0","0.0",,"86","69","  350","  320","0.0","10.1","15.0",,,,,,,
"USW00013743","WASHINGTON REAGAN NATIONAL AIRPORT, VA US","2024-06-04","6.49",,"0.00","0.0","0.0",,"88","69","  110","  110","0.0","21.0","28.0",,,,,,,
"USW00013743","WASHINGTON REAGAN NATIONAL AIRPORT, VA US","2024-06-05","8.72",,"0.46","0.0","0.0",,"83","72","  190","  170","0.0","16.1","21.0","    1",,"    1",,,,
"USW00013743","WASHINGTON REAGAN NATIONAL AIRPORT, VA US","2024-06-06","10.74",,"0.00","0.0","0.0",,"86","75","  220","  200","0.0","19.9","33.1",,,,,,,
"USW00013743","WASHINGTON REAGAN NATIONAL AIRPORT, VA US","2024-06-07","10.51",,"0.00","0.0","0.0",,"87","70","  330","  340","0.0","28.0","36.9",,,,,,,
"USW00013743","WASHINGTON REAGAN NATIONAL AIRPORT, VA US","2024-06-08","8.50",,"0.00","0.0","0.0",,"86","64","  270","  260","0.0","18.1","25.9",,,,,,,
"USW00013743","WASHINGTON REAGAN NATIONAL AIRPORT, VA US","2024-06-09","11.63",,"0.00","0.0","0.0",,"85","71","  330","  330","0.0","25.1","33.1",,,,,,,
"USW00013743","WASHINGTON REAGAN NATIONAL AIRPORT, VA US","2024-06-10","8.50",,"0.01","0.0","0.0",,"83","64","  340","  270","0.0","21.0","28.0",,,,,,,"    1"
"USW00013743","WASHINGTON REAGAN NATIONAL AIRPORT, VA US","2024-06-11","9.40",,"0.00","0.0","0.0",,"76","64","  330","  340","0.0","17.0","28.0",,,,,,,
"USW00013743","WASHINGTON REAGAN NATIONAL AIRPORT, VA US","2024-06-12","5.82",,"0.00","0.0","0.0",,"83","61","  170","  170","0.0","15.0","21.9",,,,,,,
"USW00013743","WASHINGTON REAGAN NATIONAL AIRPORT, VA US","2024-06-13","9.62",,"0.00","0.0","0.0",,"90","68","  160","  160","0.0","17.0","23.9",,,,,,,
"USW00013743","WASHINGTON REAGAN NATIONAL AIRPORT, VA US","2024-06-14","8.95",,"0.00","0.0","0.0",,"91","72","  340","  330","0.0","23.9","32.0",,,,,,,
"USW00013743","WASHINGTON REAGAN NATIONAL AIRPORT, VA US","2024-06-15","7.83",,"0.00","0.0","0.0",,"87","68","  330","  310","0.0","16.1","23.9",,,,,,,
"USW00013743","WASHINGTON REAGAN NATIONAL AIRPORT, VA US","2024-06-16","7.38",,"0.00","0.0","0.0",,"89","66","  170","  170","0.0","16.1","23.9",,,,,,,
"USW00013743","WASHINGTON REAGAN NATIONAL AIRPORT, VA US","2024-06-17","11.63",,"0.00","0.0","0.0",,"91","71","  200","  200","0.0","16.1","21.0",,,,,,,
"USW00013743","WASHINGTON REAGAN NATIONAL AIRPORT, VA US","2024-06-18","10.29",,"0.00","0.0","0.0",,"94","74","  160","  190","0.0","16.1","21.0",,,,,,,
"USW00013743","WASHINGTON REAGAN NATIONAL AIRPORT, VA US","2024-06-19","8.50",,"0.00","0.0","0.0",,"91","72","  170","  160","0.0","13.0","18.1",,,,,,,
"USW00013743","WASHINGTON REAGAN NATIONAL AIRPORT, VA US","2024-06-20","8.72",,"0.00","0.0","0.0",,"91","73","  180","  170","0.0","14.1","17.0",,,,,,,
"USW00013743","WASHINGTON REAGAN NATIONAL AIRPORT, VA US","2024-06-21","9.62",,"0.00","0.0","0.0",,"95","73","  170","  180","0.0","16.1","19.9",,,,,,,
"USW00013743","WASHINGTON REAGAN NATIONAL AIRPORT, VA US","2024-06-22","10.29",,"0.00","0.0","0.0",,"100","77","  170","  170","0.0","17.0","21.9",,,,,,,"    1"
"USW00013743","WASHINGTON REAGAN NATIONAL AIRPORT, VA US","2024-06-23","13.65",,"0.00","0.0","0.0",,"99","81","  210","  200","0.0","21.9","35.1",,,,,,,
"USW00013743","WASHINGTON REAGAN NATIONAL AIRPORT, VA US","2024-06-24","12.97",,"0.00","0.0","0.0",,"91","76","  340","  320","0.0","23.9","33.1",,,,,,,"    1"
"USW00013743","WASHINGTON REAGAN NATIONAL AIRPORT, VA US","2024-06-25","8.50",,"0.00","0.0","0.0",,"94","69","  170","  190","0.0","18.1","29.1",,,,,,,
"USW00013743","WASHINGTON REAGAN NATIONAL AIRPORT, VA US","2024-06-26","9.62",,"0.51","0.0","0.0",,"99","72","  270","  260","0.0","36.0","47.0","    1",,"    1",,,,"    1"
"USW00013743","WASHINGTON REAGAN NATIONAL AIRPORT, VA US","2024-06-27","6.49",,"0.01","0.0","0.0",,"92","73","   30","  310","0.0","16.1","21.9",,,,,,,
"USW00013743","WASHINGTON REAGAN NATIONAL AIRPORT, VA US","2024-06-28","10.51",,"0.00","0.0","0.0",,"85","71","   70","   60","0.0","19.9","23.9",,,,,,,
"USW00013743","WASHINGTON REAGAN NATIONAL AIRPORT, VA US","2024-06-29","10.07",,"0.00","0.0","0.0",,"93","71","  180","  210","0.0","18.1","25.1",,,,,,,
"USW00013743","WASHINGTON REAGAN NATIONAL AIRPORT, VA US","2024-06-30","9.17",,"0.15","0.0","0.0",,"97","78","   20","   20","0.0","25.1","36.0",,,"    1",,,,"    1"
"USW00013743","WASHINGTON REAGAN NATIONAL AIRPORT, VA US","2024-07-01","13.87",,"0.00","0.0","0.0",,"82","65","   20","  350",,"23.9","34.0",,,,,,,
"USW00013743","WASHINGTON REAGAN NATIONAL AIRPORT, VA US","2024-07-02","7.61",,"0.00","0.0","0.0",,"88","66","  180","  180",,"15.0","19.0",,,,,,,
"USW00013743","WASHINGTON REAGAN NATIONAL AIRPORT, VA US","2024-07-03","10.29",,"0.00","0.0","0.0",,"88","70","  170","  180",,"17.0","21.0",,,,,,,
"USW00013743","WASHINGTON REAGAN NATIONAL AIRPORT, VA US","2024-07-04","7.38",,"0.26","0.0","0.0",,"94","74","  270","  230",,"23.9","33.1","    1",,,,,,
"USW00013743","WASHINGTON REAGAN NATIONAL AIRPORT, VA US","2024-07-05","9.17",,"0.00","0.0","0.0",,"98","77","  160","  170",,"17.0","23.0","    1",,,,,,
"USW00013743","WASHINGTON REAGAN NATIONAL AIRPORT, VA US","2024-07-06","8.05",,"0.00","0.0","0.0",,"98","81","  320","  290",,"16.1","25.9",,,,,,,
"USW00013743","WASHINGTON REAGAN NATIONAL AIRPORT, VA US","2024-07-07","6.49",,"0.00","0.0","0.0",,"97","80","  320","  330",,"16.1","23.0",,,,,,,
"USW00013743","WASHINGTON REAGAN NATIONAL AIRPORT, VA US","2024-07-08","7.38",,"0.00","0.0","0.0",,"98","80","  180","  180",,"17.0","25.1",,,,,,,
"USW00013743","WASHINGTON REAGAN NATIONAL AIRPORT, VA US","2024-07-09","8.95",,"0.00","0.0","0.0",,"99","79","  170","  170",,"15.0","18.1",,,,,,,
"USW00013743","WASHINGTON REAGAN NATIONAL AIRPORT, VA US","2024-07-10","13.65",,"0.13","0.0","0.0",,"97","81","  240","  230",,"30.0","40.0","    1",,"    1",,,,
"USW00013743","WASHINGTON REAGAN NATIONAL AIRPORT, VA US","2024-07-11","7.38",,"0.00","0.0","0.0",,"95","75","  320","  320",,"17.0","23.9",,,,,,,
"USW00013743","WASHINGTON REAGAN NATIONAL AIRPORT, VA US","2024-07-12","7.61",,"0.15","0.0","0.0",,"83","76","  340","  190",,"18.1","21.9","    1",,,,,,
"USW00013743","WASHINGTON REAGAN NATIONAL AIRPORT, VA US","2024-07-13","4.92",,"0.05","0.0","0.0",,"96","75","  110","  110",,"15.0","19.0","    1",,,,,,
"USW00013743","WASHINGTON REAGAN NATIONAL AIRPORT, VA US","2024-07-14","6.93",,"0.00","0.0","0.0",,"101","79","  210","  200",,"15.0","21.0",,,,,,,
"USW00013743","WASHINGTON REAGAN NATIONAL AIRPORT, VA US","2024-07-15","8.50",,"0.00","0.0","0.0",,"102","81","  330","  290",,"21.9","33.1",,,"    1",,,,
"USW00013743","WASHINGTON REAGAN NATIONAL AIRPORT, VA US","2024-07-16","11.41",,"0.00","0.0","0.0",,"104","80","  200","  210",,"23.0","33.1",,,,,,,
"USW00013743","WASHINGTON REAGAN NATIONAL AIRPORT, VA US","2024-07-17","6.93",,"0.48","0.0","0.0",,"101","78","  280","  270",,"25.9","36.0","    1",,"    1",,,,"    1"
"USW00013743","WASHINGTON REAGAN NATIONAL AIRPORT, VA US","2024-07-18","7.61",,"0.00","0.0","0.0",,"89","76","  350","  350",,"17.0","21.0",,,,,,,
"USW00013743","WASHINGTON REAGAN NATIONAL AIRPORT, VA US","2024-07-19","7.16",,"0.00","0.0","0.0",,"89","75","   20","   30",,"16.1","23.9",,,,,,,
"USW00013743","WASHINGTON REAGAN NATIONAL AIRPORT, VA US","2024-07-20","4.70",,"0.02","0.0","0.0",,"87","74","  140","  160",,"16.1","21.0",,,,,,,
"USW00013743","WASHINGTON REAGAN NATIONAL AIRPORT, VA US","2024-07-21","6.04",,"0.00","0.0","0.0",,"93","72","  170","  160",,"17.0","21.0",,,"    1",,,,
"USW00013743","WASHINGTON REAGAN NATIONAL AIRPORT, VA US","2024-07-22","7.61",,"1.57","0.0","0.0",,"83","74","  200","  180",,"21.0","27.1","    1",,"    1",,,,"    1"
"USW00013743","WASHINGTON REAGAN NATIONAL AIRPORT, VA US","2024-07-23","6.71",,"0.01","0.0","0.0",,"90","73","  170","  170",,"17.0","21.9",,,,,,,
"USW00013743","WASHINGTON REAGAN NATIONAL AIRPORT, VA US","2024-07-24","5.82",,"0.00","0.0","0.0",,"89","76","  220","  200",,"17.0","23.9",,,,,,,
"USW00013743","WASHINGTON REAGAN NATIONAL AIRPORT, VA US","2024-07-25","5.82",,"1.28","0.0","0.0",,"86","72","   10","  360",,"28.0","34.0",,,,,,,"    1"
"USW00013743","WASHINGTON REAGAN NATIONAL AIRPORT, VA US","2024-07-26","7.38",,"0.00","0.0","0.0",,"85","74","   50","   60",,"17.0","21.9",,,,,,,
"USW00013743","WASHINGTON REAGAN NATIONAL AIRPORT, VA US","2024-07-27","4.70",,"0.00","0.0","0.0",,"90","68","  110","   50",,"13.0","17.0",,,,,,,
"USW00013743","WASHINGTON REAGAN NATIONAL AIRPORT, VA US","2024-07-28","4.70",,"0.00","0.0","0.0",,"90","70","  120","  150",,"15.0","19.0",,,,,,,
"USW00013743","WASHINGTON REAGAN NATIONAL AIRPORT, VA US","2024-07-29","10.29",,"0.26","0.0","0.0",,"93","75","  250","  200",,"28.0","36.9",,,"    1",,,,
"USW00013743","WASHINGTON REAGAN NATIONAL AIRPORT, VA US","2024-07-30","11.18",,"0.04","0.0","0.0",,"88","75","  220","  170",,"21.0","28.0",,,,,,,
"USW00013743","WASHINGTON REAGAN NATIONAL AIRPORT, VA US","2024-07-31","6.49",,"0.57","0.0","0.0",,"92","75","   20","   30",,"33.1","38.9","    1",,"    1",,,,
"USW00013743","WASHINGTON REAGAN NATIONAL AIRPORT, VA US","2024-08-01","6.26",,"0.00","0.0","0.0",,"97","75","  190","  190","0.0","14.1","18.1",,,,,,,
"USW00013743","WASHINGTON REAGAN NATIONAL AIRPORT, VA US","2024-08-02","10.74",,"0.00","0.0","0.0",,"99","80","  230","  240","0.0","23.0","32.0",,,,,,,
"USW00013743","WASHINGTON REAGAN NATIONAL AIRPORT, VA US","2024-08-03","10.51",,"0.14","0.0","0.0",,"93","75","  290","  280","0.0","25.9","36.9",,,"    1",,,,
"USW00013743","WASHINGTON REAGAN NATIONAL AIRPORT, VA US","2024-08-04","6.49",,"0.00","0.0","0.0",,"90","74","  170","  220","0.0","14.1","17.0",,,"    1",,,,
"USW00013743","WASHINGTON REAGAN NATIONAL AIRPORT, VA US","2024-08-05","7.16",,"0.00","0.0","0.0",,"93","75","  200","  170","0.0","17.0","21.9",,,,,,,
"USW00013743","WASHINGTON REAGAN NATIONAL AIRPORT, VA US","2024-08-06","10.51",,"0.00","0.0","0.0",,"93","79","  180","  180","0.0","19.9","27.1",,,,,,,
"USW00013743","WASHINGTON REAGAN NATIONAL AIRPORT, VA US","2024-08-07","8.05",,"0.00","0.0","0.0",,"91","77","  130","  130","0.0","17.0","23.0",,,,,,,
"USW00013743","WASHINGTON REAGAN NATIONAL AIRPORT, VA US","2024-08-08","10.07",,"1.08","0.0","0.0",,"81","75","  130","  120","0.0","18.1","30.0","    1",,,,,,
"USW00013743","WASHINGTON REAGAN NATIONAL AIRPORT, VA US","2024-08-09","13.42",,"1.80","0.0","0.0",,"84","77","  240","  140","0.0","31.1","42.9","    1",,,,,,
"USW00013743","WASHINGTON REAGAN NATIONAL AIRPORT, VA US","2024-08-10","5.82",,"0.43","0.0","0.0",,"91","72","  300","  320","0.0","19.9","23.9",,,,,,,"    1"
"USW00013743","WASHINGTON REAGAN NATIONAL AIRPORT, VA US","2024-08-11","5.37",,"0.00","0.0","0.0",,"85","71","  340","  270","0.0","14.1","19.0",,,,,,,
"USW00013743","WASHINGTON REAGAN NATIONAL AIRPORT, VA US","2024-08-12","6.93",,"0.00","0.0","0.0",,"85","68","  340","  330","0.0","18.1","23.9",,,,,,,
"USW00013743","WASHINGTON REAGAN NATIONAL AIRPORT, VA US","2024-08-13","5.37",,"0.00","0.0","0.0",,"86","69","   10","  350","0.0","14.1","21.0",,,,,,,
"USW00013743","WASHINGTON REAGAN NATIONAL AIRPORT, VA US","2024-08-14","8.05",,"0.00","0.0","0.0",,"85","68","  340","  340","0.0","18.1","23.9",,,,,,,"    1"
"USW00013743","WASHINGTON REAGAN NATIONAL AIRPORT, VA US","2024-08-15","6.04",,"0.00","0.0","0.0",,"90","68","  360","  360","0.0","12.1","19.9",,,,,,,
"USW00013743","WASHINGTON REAGAN NATIONAL AIRPORT, VA US","2024-08-16","7.61",,"0.00","0.0","0.0",,"89","70","  170","  160","0.0","15.0","19.9",,,,,,,
"USW00013743","WASHINGTON REAGAN NATIONAL AIRPORT, VA US","2024-08-17","8.50",,"0.19","0.0","0.0",,"86","72","  180","  170","0.0","21.0","28.0",,,,,,,
"USW00013743","WASHINGTON REAGAN NATIONAL AIRPORT, VA US","2024-08-18","7.61",,"0.00","0.0","0.0",,"87","73","  170","  180","0.0","17.0","21.9","    1",,"    1",,,,
"USW00013743","WASHINGTON REAGAN NATIONAL AIRPORT, VA US","2024-08-19","10.29",,"0.01","0.0","0.0",,"88","73","  330","  320","0.0","25.1","34.0",,,,,,,
"USW00013743","WASHINGTON REAGAN NATIONAL AIRPORT, VA US","2024-08-20","12.08",,"0.00","0.0","0.0",,"76","63","  320","  330","0.0","21.0","28.0",,,,,,,
"USW00013743","WASHINGTON REAGAN NATIONAL AIRPORT, VA US","2024-08-21","9.40",,"0.00","0.0","0.0",,"78","59","  340","  340","0.0","18.1","27.1",,,,,,,
"USW00013743","WASHINGTON REAGAN NATIONAL AIRPORT, VA US","2024-08-22","5.37",,"0.00","0.0","0.0",,"81","58","  300","  290","0.0","17.0","21.0",,,,,,,
"USW00013743","WASHINGTON REAGAN NATIONAL AIRPORT, VA US","2024-08-23","3.80",,"0.00","0.0","0.0",,"86","60","  130","  120","0.0","14.1","19.0",,,,,,,
"USW00013743","WASHINGTON REAGAN NATIONAL AIRPORT, VA US","2024-08-24","6.93",,"0.00","0.0","0.0",,"85","65","  170","  190","0.0","13.0","17.0",,,,,,,
"USW00013743","WASHINGTON REAGAN NATIONAL AIRPORT, VA US","2024-08-25","8.50",,"0.00","0.0","0.0",,"87","66","  190","  200","0.0","15.0","19.0",,,,,,,
"USW00013743","WASHINGTON REAGAN NATIONAL AIRPORT, VA US","2024-08-26","6.26",,"0.12","0.0","0.0",,"91","70","  320","  330","0.0","40.9","53.0",,,"    1",,,,
"USW00013743","WASHINGTON REAGAN NATIONAL AIRPORT, VA US","2024-08-27","5.37",,"0.00","0.0","0.0",,"92","73","  130","  160","0.0","15.0","19.0",,,,,,,
"USW00013743","WASHINGTON REAGAN NATIONAL AIRPORT, VA US","2024-08-28","6.71",,"0.00","0.0","0.0",,"101","75","  320","  330","0.0","18.1","25.9",,,,,,,
"USW00013743","WASHINGTON REAGAN NATIONAL AIRPORT, VA US","2024-08-29","8.28",,"0.77","0.0","0.0",,"93","73","  100","  110","0.0","17.0","21.0","    1",,"    1",,,,
"USW00013743","WASHINGTON REAGAN NATIONAL AIRPORT, VA US","2024-08-30","8.05",,"0.03","0.0","0.0",,"76","72","   50","   60","0.0","14.1","18.1","    1",,"    1",,,,"    1"
"USW00013743","WASHINGTON REAGAN NATIONAL AIRPORT, VA US","2024-08-31","5.14"," 1817","0.01","0.0","0.0",,"82","72","  290","  280","0.0","19.9","25.9",,,,,,,
"USW00013743","WASHINGTON REAGAN NATIONAL AIRPORT, VA US","2024-09-01","6.26",,"0.01","0.0","0.0",,"86","73","  210","  220","0.0","15.0","19.0",,,,,,,
"USW00013743","WASHINGTON REAGAN NATIONAL AIRPORT, VA US","2024-09-02","10.74",,"0.00","0.0","0.0",,"81","67","   10","  360","0.0","21.0","25.9",,,,,,,
"USW00013743","WASHINGTON REAGAN NATIONAL AIRPORT, VA US","2024-09-03","10.07",,"0.00","0.0","0.0",,"77","60","   60","   50","0.0","19.9","25.9",,,,,,,
"USW00013743","WASHINGTON REAGAN NATIONAL AIRPORT, VA US","2024-09-04","6.71",,"0.00","0.0","0.0",,"78","58","   70","   60","0.0","15.0","21.0",,,,,,,
"USW00013743","WASHINGTON REAGAN NATIONAL AIRPORT, VA US","2024-09-05","6.93",,"0.00","0.0","0.0",,"80","61","  100","   90","0.0","14.1","17.0",,,,,,,
"USW00013743","WASHINGTON REAGAN NATIONAL AIRPORT, VA US","2024-09-06","4.25",,"0.00","0.0","0.0",,"79","65","   70","   70","0.0","8.9","11.0",,,,,,,
"USW00013743","WASHINGTON REAGAN NATIONAL AIRPORT, VA US","2024-09-07","8.28",,"0.01","0.0","0.0",,"77","62","  330","  340","0.0","29.1","38.9",,,,,,,
"USW00013743","WASHINGTON REAGAN NATIONAL AIRPORT, VA US","2024-09-08","8.28",,"0.00","0.0","0.0",,"76","57","  250","  260","0.0","17.0","23.9",,,,,,,
"USW00013743","WASHINGTON REAGAN NATIONAL AIRPORT, VA US","2024-09-09","3.80",,"0.00","0.0","0.0",,"80","56","  170","  230","0.0","16.1","25.9",,,,,,,
"USW00013743","WASHINGTON REAGAN NATIONAL AIRPORT, VA US","2024-09-10","5.59",,"0.00","0.0","0.0",,"87","59","  350","  340","0.0","15.0","19.0",,,,,,,
"USW00013743","WASHINGTON REAGAN NATIONAL AIRPORT, VA US","2024-09-11","4.92",,"0.00","0.0","0.0",,"86","64","  110","  100","0.0","14.1","18.1",,,,,,,
"USW00013743","WASHINGTON REAGAN NATIONAL AIRPORT, VA US","2024-09-12","5.82",,"0.00","0.0","0.0",,"83","66","  110","  100","0.0","16.1","21.0",,,,,,,
"USW00013743","WASHINGTON REAGAN NATIONAL AIRPORT, VA US","2024-09-13","6.93",,"0.00","0.0","0.0",,"84","66","   50","   50","0.0","13.0","21.9",,,,,,,
"USW00013743","WASHINGTON REAGAN NATIONAL AIRPORT, VA US","2024-09-14","8.28",,"0.00","0.0","0.0",,"86","65","   50","   50","0.0","18.1","23.9",,,,,,,
"USW00013743","WASHINGTON REAGAN NATIONAL AIRPORT, VA US","2024-09-15","8.50",,"0.00","0.0","0.0",,"84","64","   90","   70","0.0","18.1","27.1",,,,,,,
"USW00013743","WASHINGTON REAGAN NATIONAL AIRPORT, VA US","2024-09-16","11.86",,"0.00","0.0","0.0",,"79","63","   70","   60","0.0","17.0","23.0","    1",,,,,,
"USW00013743","WASHINGTON REAGAN NATIONAL AIRPORT, VA US","2024-09-17","11.86",,"0.10","0.0","0.0",,"81","69","   50","   50","0.0","21.0","25.9","    1",,,,,,
"USW00013743","WASHINGTON REAGAN NATIONAL AIRPORT, VA US","2024-09-18","10.51",,"0.33","0.0","0.0",,"77","70","   50","  100","0.0","18.1","23.0","    1",,,,,,
"USW00013743","WASHINGTON REAGAN NATIONAL AIRPORT, VA US","2024-09-19","7.16",,"0.00","0.0","0.0",,"85","70","  350","   20","0.0","14.1","21.0",,,,,,,
"USW00013743","WASHINGTON REAGAN NATIONAL AIRPORT, VA US","2024-09-20","5.82",,"0.00","0.0","0.0",,"86","65","  170","  180","0.0","13.0","16.1",,,,,,,
"USW00013743","WASHINGTON REAGAN NATIONAL AIRPORT, VA US","2024-09-21","8.50",,"0.00","0.0","0.0",,"83","68","  170","  170","0.0","13.0","17.0",,,,,,,
"USW00013743","WASHINGTON REAGAN NATIONAL AIRPORT, VA US","2024-09-22","6.93",,"0.32","0.0","0.0",,"77","67","   60","   50","0.0","16.1","21.0","    1",,"    1",,,,
"USW00013743","WASHINGTON REAGAN NATIONAL AIRPORT, VA US","2024-09-23","7.83",,"0.09","0.0","0.0",,"70","64","  130","  110","0.0","13.0","19.0","    1",,,,,,
"USW00013743","WASHINGTON REAGAN NATIONAL AIRPORT, VA US","2024-09-24","5.82",,"0.47","0.0","0.0",,"70","63","  120","  110","0.0","12.1","15.0","    1",,,,,,
"USW00013743","WASHINGTON REAGAN NATIONAL AIRPORT, VA US","2024-09-25","6.49",,"0.08","0.0","0.0",,"74","65","  150","  140","0.0","14.1","21.0","    1",,,,,,"    1"
"USW00013743","WASHINGTON REAGAN NATIONAL AIRPORT, VA US","2024-09-26","4.70"," 0032","0.57","0.0","0.0",,"82","72","  180","  140","0.0","8.9","13.0",,,,,,,
"USW00013743","WASHINGTON REAGAN NATIONAL AIRPORT, VA US","2024-09-27","9.62"," 1522","0.13","0.0","0.0",,"79","74","  100","   90","0.0","18.1","28.0","    1",,,,,,
"USW00013743","WASHINGTON REAGAN NATIONAL AIRPORT, VA US","2024-09-28","7.16"," 0012","0.07","0.0","0.0",,"85","72","  170","  100","0.0","15.0","19.9",,"    1",,,,,
"USW00013743","WASHINGTON REAGAN NATIONAL AIRPORT, VA US","2024-09-29","9.62"," 1947","0.05","0.0","0.0",,"72","68","   40","   20","0.0","14.1","18.1","    1",,,,,,
"USW00013743","WASHINGTON REAGAN NATIONAL AIRPORT, VA US","2024-09-30","9.62"," 0323","0.08","0.0","0.0",,"68","66","   50","   60","0.0","16.1","19.9","    1",,,,,,
"USW00013743","WASHINGTON REAGAN NATIONAL AIRPORT, VA US","2024-10-01","7.83",,"1.46","0.0","0.0",,"69","65","   50","   30","0.0","14.1","17.0","    1",,,,,,
"USW00013743","WASHINGTON REAGAN NATIONAL AIRPORT, VA US","2024-10-02","3.58",,"0.02","0.0","0.0",,"72","64","   60","   50","0.0","8.9","11.0","    1",,,,,,
"USW00013743","WASHINGTON REAGAN NATIONAL AIRPORT, VA US","2024-10-03","3.80",,"0.00","0.0","0.0",,"78","67","  170","  190","0.0","8.9","11.0","    1",,,,,,
"USW00013743","WASHINGTON REAGAN NATIONAL AIRPORT, VA US","2024-10-04","7.16",,"0.00","0.0","0.0",,"78","66","  180","  170","0.0","12.1","15.0",,,,,,,
"USW00013743","WASHINGTON REAGAN NATIONAL AIRPORT, VA US","2024-10-05","6.71",,"0.00","0.0","0.0",,"80","61","  360","  350","0.0","15.0","21.9","    1",,,,,,
"USW00013743","WASHINGTON REAGAN NATIONAL AIRPORT, VA US","2024-10-06","6.49",,"0.00","0.0","0.0",,"78","57","  190","  180","0.0","15.0","19.9",,,,,,,
"USW00013743","WASHINGTON REAGAN NATIONAL AIRPORT, VA US","2024-10-07","10.96",,"0.00","0.0","0.0",,"75","61","  350","  340","0.0","21.9","28.0",,,,,,,
"USW00013743","WASHINGTON REAGAN NATIONAL AIRPORT, VA US","2024-10-08","5.82",,"0.00","0.0","0.0",,"72","52","  330","  330","0.0","15.0","21.0",,,,,,,
"USW00013743","WASHINGTON REAGAN NATIONAL AIRPORT, VA US","2024-10-09","8.95",,"0.00","0.0","0.0",,"74","53","  330","  320","0.0","21.0","31.1",,,,,,,
"USW00013743","WASHINGTON REAGAN NATIONAL AIRPORT, VA US","2024-10-10","8.50",,"0.00","0.0","0.0",,"67","51","  350","  360","0.0","15.0","23.0",,,,,,,
"USW00013743","WASHINGTON REAGAN NATIONAL AIRPORT, VA US","2024-10-11","7.61",,"0.00","0.0","0.0",,"71","48","  250","  250","0.0","15.0","19.9",,,,,,,
"USW00013743","WASHINGTON REAGAN NATIONAL AIRPORT, VA US","2024-10-12","5.37",,"0.00","0.0","0.0",,"82","52","  360","  300","0.0","14.1","21.0",,,,,,,
"USW00013743","WASHINGTON REAGAN NATIONAL AIRPORT, VA US","2024-10-13","11.41",,"0.00","0.0","0.0",,"80","57","  200","  190","0.0","23.0","32.0",,,,,,,
"USW00013743","WASHINGTON REAGAN NATIONAL AIRPORT, VA US","2024-10-14","12.53",,"0.00","0.0","0.0",,"70","50","  300","  280","0.0","28.0","38.0",,,,,,,
"USW00013743","WASHINGTON REAGAN NATIONAL AIRPORT, VA US","2024-10-15","8.50",,"0.00","0.0","0.0",,"60","49","  300","  300","0.0","16.1","25.9",,,,,,,
"USW00013743","WASHINGTON REAGAN NATIONAL AIRPORT, VA US","2024-10-16","10.74",,"0.00","0.0","0.0",,"60","45","  330","  350","0.0","21.0","29.1",,,,,,,
"USW00013743","WASHINGTON REAGAN NATIONAL AIRPORT, VA US","2024-10-17","10.29",,"0.00","0.0","0.0",,"63","44","  340","  350","0.0","19.9","25.9",,,,,,,
"USW00013743","WASHINGTON REAGAN NATIONAL AIRPORT, VA US","2024-10-18","5.82",,"0.00","0.0","0.0",,"71","46","   10","   20","0.0","12.1","15.0",,,,,,,
"USW00013743","WASHINGTON REAGAN NATIONAL AIRPORT, VA US","2024-10-19","2.46",,"0.00","0.0","0.0",,"75","46","  120","  120","0.0","10.1","13.0",,,,,,,"    1"
"USW00013743","WASHINGTON REAGAN NATIONAL AIRPORT, VA US","2024-10-20","2.91",,"0.00","0.0","0.0",,"77","46","  350","  360","0.0","8.9","13.0",,,,,,,
"USW00013743","WASHINGTON REAGAN NATIONAL AIRPORT, VA US","2024-10-21","4.03",,"0.00","0.0","0.0",,"82","50","  320","  330","0.0","12.1","19.0",,,,,,,"    1"
"USW00013743","WASHINGTON REAGAN NATIONAL AIRPORT, VA US","2024-10-22","4.70",,"0.00","0.0","0.0",,"82","54","  190","  190","0.0","10.1","14.1",,,,,,,
"USW00013743","WASHINGTON REAGAN NATIONAL AIRPORT, VA US","2024-10-23","5.37",,"0.00","0.0","0.0",,"78","53","  170","  170","0.0","13.0","16.1",,,,,,,
"USW00013743","WASHINGTON REAGAN NATIONAL AIRPORT, VA US","2024-10-24","12.08",,"0.00","0.0","0.0",,"71","55","  350","  360","0.0","21.0","29.1",,,,,,,
"USW00013743","WASHINGTON REAGAN NATIONAL AIRPORT, VA US","2024-10-25","6.49",,"0.00","0.0","0.0",,"68","47","  160","  160","0.0","15.0","18.1",,,,,,,
"USW00013743","WASHINGTON REAGAN NATIONAL AIRPORT, VA US","2024-10-26","9.40",,"0.00","0.0","0.0",,"71","52","  330","  330","0.0","25.9","35.1",,,,,,,
"USW00013743","WASHINGTON REAGAN NATIONAL AIRPORT, VA US","2024-10-27","5.59",,"0.00","0.0","0.0",,"61","46","   30","   20","0.0","15.0","21.9",,,,,,,
"USW00013743","WASHINGTON REAGAN NATIONAL AIRPORT, VA US","2024-10-28","4.92",,"0.00","0.0","0.0",,"67","44","  120","  130","0.0","15.0","18.1",,,,,,,
"USW00013743","WASHINGTON REAGAN NATIONAL AIRPORT, VA US","2024-10-29","5.14",,"0.00","0.0","0.0",,"69","47","  160","  170","0.0","14.1","18.1",,,,,,,
"USW00013743","WASHINGTON REAGAN NATIONAL AIRPORT, VA US","2024-10-30","6.49",,"0.00","0.0","0.0",,"78","54","  180","  180","0.0","12.1","15.0",,,,,,,
"USW00013743","WASHINGTON REAGAN NATIONAL AIRPORT, VA US","2024-10-31","10.07",,"0.00","0.0","0.0",,"83","61","  210","  180","0.0","17.0","25.1",,,,,,,
"USW00013743","WASHINGTON REAGAN NATIONAL AIRPORT, VA US","2024-11-01","10.74",,"0.00","0.0","0.0",,"83","58","  280","  270","0.0","21.0","31.1",,,,,,,
"USW00013743","WASHINGTON REAGAN NATIONAL AIRPORT, VA US","2024-11-02","8.28",,"0.00","0.0","0.0",,"66","50","  350","  360","0.0","19.9","25.9",,,,,,,
"USW00013743","WASHINGTON REAGAN NATIONAL AIRPORT, VA US","2024-11-03","4.92",,"0.00","0.0","0.0",,"64","45","  110","  110","0.0","13.0","16.1",,,,,,,
"USW00013743","WASHINGTON REAGAN NATIONAL AIRPORT, VA US","2024-11-04","5.14",,"0.00","0.0","0.0",,"64","44","  210","  210","0.0","12.1","15.0",,,,,,,
"USW00013743","WASHINGTON REAGAN NATIONAL AIRPORT, VA US","2024-11-05","8.72",,"0.00","0.0","0.0",,"78","55","  210","  210","0.0","21.9","28.0",,,,,,,
"USW00013743","WASHINGTON REAGAN NATIONAL AIRPORT, VA US","2024-11-06","9.40",,"0.00","0.0","0.0",,"83","62","  170","  210","0.0","17.0","21.9",,,,,,,
"USW00013743","WASHINGTON REAGAN NATIONAL AIRPORT, VA US","2024-11-07","6.71",,"0.00","0.0","0.0",,"84","64","  340","  330","0.0","16.1","19.9",,,,,,,
"USW00013743","WASHINGTON REAGAN NATIONAL AIRPORT, VA US","2024-11-08","10.29",,"0.00","0.0","0.0",,"75","58","  280","  310","0.0","21.0","28.0",,,,,,,
"USW00013743","WASHINGTON REAGAN NATIONAL AIRPORT, VA US","2024-11-09","7.61",,"0.00","0.0","0.0",,"62","45","  340","  350","0.0","23.0","31.1",,,,,,,
"USW00013743","WASHINGTON REAGAN NATIONAL AIRPORT, VA US","2024-11-10","8.95",,"0.20","0.0","0.0",,"61","45","  190","  190","0.0","18.1","23.9","    1",,,,,,
"USW00013743","WASHINGTON REAGAN NATIONAL AIRPORT, VA US","2024-11-11","9.40",,"0.00","0.0","0.0",,"78","58","  320","  330","0.0","18.1","27.1",,,,,,,
"USW00013743","WASHINGTON REAGAN NATIONAL AIRPORT, VA US","2024-11-12","14.54",,"0.00","0.0","0.0",,"64","45","   20","   10","0.0","23.9","31.1",,,,,,,
"USW00013743","WASHINGTON REAGAN NATIONAL AIRPORT, VA US","2024-11-13","6.71",,"0.00","0.0","0.0",,"54","38","   20","   20","0.0","17.0","23.9",,,,,,,
"USW00013743","WASHINGTON REAGAN NATIONAL AIRPORT, VA US","2024-11-14","6.49",,"0.18","0.0","0.0",,"54","41","  110","  110","0.0","14.1","18.1","    1",,,,,,
"USW00013743","WASHINGTON REAGAN NATIONAL AIRPORT, VA US","2024-11-15","8.50",,"0.03","0.0","0.0",,"57","47","  340","  330","0.0","15.0","21.0","    1",,,,,,
"USW00013743","WASHINGTON REAGAN NATIONAL AIRPORT, VA US","2024-11-16","12.75",,"0.00","0.0","0.0",,"64","48","  340","  350","0.0","25.9","36.0",,,,,,,
"USW00013743","WASHINGTON REAGAN NATIONAL AIRPORT, VA US","2024-11-17","5.14",,"0.00","0.0","0.0",,"60","42","  350","  350","0.0","12.1","16.1",,,,,,,
"USW00013743","WASHINGTON REAGAN NATIONAL AIRPORT, VA US","2024-11-18","4.25",,"0.00","0.0","0.0",,"73","45","  340","  330","0.0","15.0","21.9",,,,,,,
"USW00013743","WASHINGTON REAGAN NATIONAL AIRPORT, VA US","2024-11-19","2.91",,"0.01","0.0","0.0",,"63","52","   20","   10","0.0","16.1","25.9",,,,,,,
"USW00013743","WASHINGTON REAGAN NATIONAL AIRPORT, VA US","2024-11-20","5.37",,"0.77","0.0","0.0",,"67","49","  310","  310","0.0","36.9","52.1","    1",,"    1",,,,
"USW00013743","WASHINGTON REAGAN NATIONAL AIRPORT, VA US","2024-11-21","10.96",,"0.06","0.0","0.0",,"55","40","  300","  300","0.0","21.0","29.1",,,,,,,
"USW00013743","WASHINGTON REAGAN NATIONAL AIRPORT, VA US","2024-11-22","11.41",,"0.16","0.0","0.0",,"47","36","  250","  260","0.0","21.0","29.1",,,,,,,
"USW00013743","WASHINGTON REAGAN NATIONAL AIRPORT, VA US","2024-11-23","13.42",,"0.00","0.0","0.0",,"58","44","  310","  300","0.0","30.0","44.1",,,,,,,
"USW00013743","WASHINGTON REAGAN NATIONAL AIRPORT, VA US","2024-11-24","7.16",,"0.00","0.0","0.0",,"62","46","  250","  260","0.0","15.0","18.1",,,,,,,
"USW00013743","WASHINGTON REAGAN NATIONAL AIRPORT, VA US","2024-11-25","4.03",,"0.00","0.0","0.0",,"60","40","  200","  220","0.0","8.9","14.1",,,,,,,
"USW00013743","WASHINGTON REAGAN NATIONAL AIRPORT, VA US","2024-11-26","7.83",,"0.05","0.0","0.0",,"66","49","  300","  310","0.0","23.9","46.1",,,,,,,
"USW00013743","WASHINGTON REAGAN NATIONAL AIRPORT, VA US","2024-11-27","6.26",,"0.00","0.0","0.0",,"57","46","  180","  310","0.0","13.0","17.0",,,,,,,
"USW00013743","WASHINGTON REAGAN NATIONAL AIRPORT, VA US","2024-11-28","8.50",,"0.35","0.0","0.0",,"57","45","  300","  290","0.0","28.0","40.9","    1",,,,,,
"USW00013743","WASHINGTON REAGAN NATIONAL AIRPORT, VA US","2024-11-29","9.17",,"0.00","0.0","0.0",,"50","35","  320","  330","0.0","23.0","34.0",,,,,,,
"USW00013743","WASHINGTON REAGAN NATIONAL AIRPORT, VA US","2024-11-30","8.05",,"0.00","0.0","0.0",,"41","30","  310","  300","0.0","18.1","28.0",,,,,,,
"USW00013743","WASHINGTON REAGAN NATIONAL AIRPORT, VA US","2024-12-01","6.26",,"0.00","0.0","0.0",,"47","30","  330","  330","0.0","16.1","19.9",,,,,,,
"USW00013743","WASHINGTON REAGAN NATIONAL AIRPORT, VA US","2024-12-02","9.84"," 1110","0.00","0.0","0.0",,"43","30","  340","  330","0.0","17.0","23.0",,,,,,,
"USW00013743","WASHINGTON REAGAN NATIONAL AIRPORT, VA US","2024-12-03","9.40"," 1437","0.00","0.0","0.0",,"45","30","  330","  340","0.0","19.9","28.0",,,,,,,
"USW00013743","WASHINGTON REAGAN NATIONAL AIRPORT, VA US","2024-12-04","12.08"," 1630","0.00","0.0","0.0",,"47","27","  210","  190","0.0","23.9","35.1",,,,,,,
"USW00013743","WASHINGTON REAGAN NATIONAL AIRPORT, VA US","2024-12-05","17.67"," 0853","0.00","0.0","0.0",,"46","30","  280","  290","0.0","36.9","57.9",,,,,,,
"USW00013743","WASHINGTON REAGAN NATIONAL AIRPORT, VA US","2024-12-06","12.30"," 1057","0.00","0.0","0.0",,"40","28","  330","  330","0.0","25.1","38.0",,,,,,,
"USW00013743","WASHINGTON REAGAN NATIONAL AIRPORT, VA US","2024-12-07","8.72"," 1050","0.00","0.0","0.0",,"45","27","  270","  260","0.0","16.1","23.9",,,,,,,
"USW00013743","WASHINGTON REAGAN NATIONAL AIRPORT, VA US","2024-12-08","7.16"," 1359","0.00","0.0","0.0",,"69","40","  200","  250","0.0","16.1","25.9",,,,,,,
"USW00013743","WASHINGTON REAGAN NATIONAL AIRPORT, VA US","2024-12-09","5.82"," 1701","0.05","0.0","0.0",,"58","38","  170","  190","0.0","14.1","18.1",,,,,,,
"USW00013743","WASHINGTON REAGAN NATIONAL AIRPORT, VA US","2024-12-10","3.80"," 0827","0.05","0.0","0.0",,"54","40","  170","  210","0.0","10.1","12.1",,,,,,,
"USW00013743","WASHINGTON REAGAN NATIONAL AIRPORT, VA US","2024-12-11","12.53"," 2249","0.90","0.0","0.0",,"64","38","  320","  290","0.0","30.0","46.1",,,,,,,
"USW00013743","WASHINGTON REAGAN NATIONAL AIRPORT, VA US","2024-12-12","9.62"," 1232","0.00","0.0","0.0",,"48","33","  280","  280","0.0","21.0","32.0",,,,,,,
"USW00013743","WASHINGTON REAGAN NATIONAL AIRPORT, VA US","2024-12-13","5.14"," 2357","0.00","0.0","0.0",,"41","30","   40","   30","0.0","10.1","14.1",,,,,,,
"USW00013743","WASHINGTON REAGAN NATIONAL AIRPORT, VA US","2024-12-14","7.38"," 0237","0.00","0.0","0.0",,"43","30","   40","   40","0.0","13.0","16.1",,,,,,,
"USW00013743","WASHINGTON REAGAN NATIONAL AIRPORT, VA US","2024-12-15","6.26"," 1646","0.26","0.0","0.0",,"43","33","   50","   50","0.0","13.0","16.1",,,,,,,
"USW00013743","WASHINGTON REAGAN NATIONAL AIRPORT, VA US","2024-12-16","6.04"," 2345","0.42","0.0","0.0",,"48","41","  190","  180","0.0","14.1","19.0",,,,,,,
"USW00013743","WASHINGTON REAGAN NATIONAL AIRPORT, VA US","2024-12-17","5.59"," 0155","0.00","0.0","0.0",,"65","44","  210","  200","0.0","15.0","21.0",,,,,,,
"USW00013743","WASHINGTON REAGAN NATIONAL AIRPORT, VA US","2024-12-18","5.14"," 2324","0.10","0.0","0.0",,"57","38","  330","  340","0.0","17.0","23.0",,,,,,,
"USW00013743","WASHINGTON REAGAN NATIONAL AIRPORT, VA US","2024-12-19","7.16"," 0314","0.00","0.0","0.0",,"50","39","  330","  330","0.0","21.0","30.0",,,,,,,
"USW00013743","WASHINGTON REAGAN NATIONAL AIRPORT, VA US","2024-12-20","7.61"," 1858","0.02","0.0","0.0",,"40","36","  330","  350","0.0","13.0","16.1",,,,,,,
"USW00013743","WASHINGTON REAGAN NATIONAL AIRPORT, VA US","2024-12-21","13.87"," 1230","0.00","0.0","0.0",,"40","30","  330","  340","0.0","25.9","36.9",,,,,,,
"USW00013743","WASHINGTON REAGAN NATIONAL AIRPORT, VA US","2024-12-22","8.95"," 1022","0.00","0.0","0.0",,"36","25","  320","  350","0.0","17.0","25.1",,,,,,,
"USW00013743","WASHINGTON REAGAN NATIONAL AIRPORT, VA US","2024-12-23","6.93"," 2217","0.00","0.0","0.0",,"36","21","  180","  180","0.0","13.0","18.1",,,,,,,
"USW00013743","WASHINGTON REAGAN NATIONAL AIRPORT, VA US","2024-12-24","4.70"," 0026","0.02","0.1","0.0",,"41","29","  190","  200","0.0","14.1","19.0",,,,,,,
"USW00013743","WASHINGTON REAGAN NATIONAL AIRPORT, VA US","2024-12-25","2.01"," 1819","0.00","0.0","0.0",,"47","37","   60","  100","0.0","8.1","11.0",,,,,,,
"USW00013743","WASHINGTON REAGAN NATIONAL AIRPORT, VA US","2024-12-26","3.80"," 0812","0.00","0.0","0.0",,"41","33","   50","   50","0.0","8.1","12.1",,,,,,,
"USW00013743","WASHINGTON REAGAN NATIONAL AIRPORT, VA US","2024-12-27","2.91"," 1822","0.00","0.0","0.0",,"49","36","  120","  110","0.0","8.9","10.1",,,,,,,"    1"
"USW00013743","WASHINGTON REAGAN NATIONAL AIRPORT, VA US","2024-12-28","4.70"," 1553","0.56","0.0","0.0",,"53","42","  190","  200","0.0","13.0","16.1","    1",,,,,,"    1"
"USW00013743","WASHINGTON REAGAN NATIONAL AIRPORT, VA US","2024-12-29","10.51"," 1231","0.11","0.0","0.0",,"68","49","  180","  170","0.0","23.9","35.1",,"    1",,,,,
"USW00013743","WASHINGTON REAGAN NATIONAL AIRPORT, VA US","2024-12-30","8.95"," 1512","0.00","0.0","0.0",,"63","43","  260","  270","0.0","21.0","33.1",,,,,,,
"USW00013743","WASHINGTON REAGAN NATIONAL AIRPORT, VA US","2024-12-31","6.71"," 1748","0.39","0.0","0.0",,"63","40","  240","  240","0.0","33.1","44.1",,,,,,,
