,Date,Open,High,Low,Close,Volume,Range,% Chg
0,2026-03-18,345.77,347.95,342.42,343.89,2969622,5.53,-0.54
1,2026-03-17,340.60,346.76,338.40,345.98,11413700,8.36,1.58
2,2026-03-16,340.29,343.66,338.87,339.27,11123500,4.80,-0.30
3,2026-03-13,342.95,343.55,335.28,337.36,17299900,8.28,-1.63
4,2026-03-12,344.96,345.92,335.43,335.76,17549400,10.48,-2.67
5,2026-03-11,352.94,356.35,349.38,353.56,10683300,6.97,0.18
6,2026-03-10,347.49,352.51,343.34,346.11,12985600,9.16,-0.40
7,2026-03-09,334.66,348.42,330.99,347.72,19182800,17.43,3.90
8,2026-03-06,342.53,347.74,335.74,337.94,13803000,12.00,-1.34
9,2026-03-05,353.90,358.46,342.83,352.87,16249800,15.63,-0.29
10,2026-03-04,356.43,360.08,353.55,356.44,12131100,6.52,0.00
11,2026-03-03,348.57,354.98,343.17,352.14,18580200,11.81,1.02
12,2026-03-02,364.33,372.05,363.63,368.07,12571600,8.43,1.03
13,2026-02-27,369.10,375.62,367.58,373.53,9186600,8.04,1.20
14,2026-02-26,385.09,385.38,368.66,375.75,14535700,16.72,-2.43
15,2026-02-25,389.11,389.11,383.75,386.64,10948400,5.36,-0.64
16,2026-02-24,378.33,388.09,374.99,384.67,13269500,13.09,1.67
17,2026-02-23,365.98,372.38,365.43,369.00,9550200,6.95,0.83
18,2026-02-20,358.77,371.15,358.09,369.50,9009200,13.06,2.99
19,2026-02-19,358.71,361.78,356.44,359.38,6346500,5.34,0.19
20,2026-02-18,362.84,368.35,359.70,361.24,7310500,8.66,-0.44
21,2026-02-17,360.85,365.17,355.24,363.18,10063800,9.93,0.64
22,2026-02-13,368.11,370.07,359.76,365.33,10468200,10.31,-0.76
23,2026-02-12,377.94,378.93,321.19,367.07,16835400,57.74,-2.88
24,2026-02-11,369.04,378.51,367.35,373.04,18651300,11.16,1.08
25,2026-02-10,363.31,363.74,355.39,360.89,14622100,8.35,-0.66
26,2026-02-09,347.78,358.59,346.82,354.41,14594900,11.77,1.91
27,2026-02-06,336.55,348.74,335.70,347.87,17025500,13.03,3.36
28,2026-02-05,321.91,333.63,318.75,329.80,14812000,14.88,2.45
29,2026-02-04,334.66,337.85,318.17,324.82,18176000,19.67,-2.94
30,2026-02-03,344.10,346.07,329.09,334.81,12540000,16.98,-2.70
31,2026-02-02,329.83,343.23,328.18,340.40,12459100,15.06,3.20
32,2026-01-30,334.48,338.94,328.18,329.63,12028100,10.77,-1.45
33,2026-01-29,338.85,342.77,327.28,338.60,13844800,15.50,-0.07
34,2026-01-28,342.07,344.53,337.71,341.34,12140100,6.82,-0.21
35,2026-01-27,335.55,340.29,333.62,337.39,11298100,6.67,0.55
36,2026-01-26,331.85,334.16,329.30,331.78,8646400,4.86,-0.02
37,2026-01-23,331.14,336.20,330.44,333.93,12904400,5.76,0.84
38,2026-01-22,332.48,334.11,325.98,326.45,12801000,8.13,-1.81
39,2026-01-21,332.49,332.70,324.76,325.20,16789800,7.94,-2.19
40,2026-01-20,339.83,341.19,325.98,326.24,22809900,15.21,-4.00
41,2026-01-16,345.54,348.87,340.50,341.44,18246100,8.37,-1.19
42,2026-01-15,341.85,350.34,336.97,340.68,42188500,13.37,-0.34
43,2026-01-14,328.93,328.93,323.91,326.19,11210800,5.03,-0.83
44,2026-01-13,331.93,335.47,329.85,330.28,11473600,5.62,-0.50
45,2026-01-12,321.19,332.61,320.16,330.84,12714800,12.45,3.00
46,2026-01-09,318.93,323.86,317.36,322.72,12325100,6.50,1.19
47,2026-01-08,323.48,323.59,315.25,317.12,10850800,8.34,-1.97
48,2026-01-07,323.76,325.38,317.64,317.78,11744800,7.74,-1.84
49,2026-01-06,329.29,332.14,323.68,326.51,15599600,8.47,-0.84
50,2026-01-05,329.47,330.32,320.60,321.34,17446300,9.72,-2.47
51,2026-01-02,311.10,320.69,310.82,318.71,18526900,9.86,2.45
52,2025-12-31,303.15,306.53,302.58,303.04,8175100,3.95,-0.04
53,2025-12-30,301.51,303.69,298.61,298.74,6190600,5.09,-0.92
54,2025-12-29,300.93,303.64,297.81,300.07,6205100,5.83,-0.28
55,2025-12-26,299.06,302.53,297.68,301.99,5125900,4.85,0.98
56,2025-12-24,296.90,298.32,295.40,297.96,2753900,2.92,0.36
57,2025-12-23,292.58,297.07,291.38,296.12,6802300,5.69,1.21
58,2025-12-22,293.84,294.18,290.39,292.46,6091100,3.79,-0.47
59,2025-12-19,285.58,291.35,285.58,288.14,12735800,5.77,0.90
60,2025-12-18,284.20,286.35,280.96,283.88,11260300,5.39,-0.11
61,2025-12-17,287.72,288.29,274.31,276.18,16823000,13.98,-4.01
62,2025-12-16,286.45,287.65,282.52,286.06,11418400,5.13,-0.14
63,2025-12-15,294.32,294.97,286.74,286.93,12082400,8.23,-2.51
64,2025-12-12,303.43,303.43,290.16,291.22,19306100,13.26,-4.02
65,2025-12-11,304.46,304.98,298.80,303.99,15028400,6.18,-0.15
66,2025-12-10,303.69,312.25,300.84,308.44,12429200,11.42,1.56
67,2025-12-09,298.34,303.01,296.86,301.74,11349100,6.15,1.14
68,2025-12-08,299.55,300.96,295.09,300.21,16643100,5.87,0.22
69,2025-12-05,294.42,299.15,291.64,293.10,10275300,7.51,-0.45
70,2025-12-04,292.36,292.41,288.61,291.32,6753000,3.81,-0.36
71,2025-12-03,290.57,294.99,284.50,293.83,9599200,10.49,1.12
72,2025-12-02,290.40,292.88,287.59,290.49,10746400,5.29,0.03
73,2025-12-01,285.34,289.56,281.63,286.10,7713000,7.93,0.26
74,2025-11-28,290.87,291.06,287.41,289.91,5515400,3.65,-0.33
75,2025-11-26,287.51,291.20,286.15,288.37,12220300,5.05,0.30
76,2025-11-25,281.18,283.83,271.58,283.12,13726800,12.25,0.69
77,2025-11-24,271.69,283.49,271.69,283.08,13570300,11.80,4.19
78,2025-11-21,271.31,277.16,265.35,273.55,20872800,11.80,0.82
79,2025-11-20,290.60,291.24,274.89,275.98,15747300,16.35,-5.03
80,2025-11-19,275.40,282.99,274.80,280.82,11179200,8.18,1.97
81,2025-11-18,276.02,278.65,271.22,276.38,11850400,7.43,0.13
82,2025-11-17,279.89,284.96,278.26,280.46,10227100,6.69,0.20
83,2025-11-14,274.39,285.28,271.73,283.26,11486800,13.56,3.23
84,2025-11-13,287.58,287.91,278.46,280.65,13827600,9.45,-2.41
85,2025-11-12,292.09,293.25,287.99,289.02,9715900,5.26,-1.05
86,2025-11-11,290.46,293.30,287.32,289.57,9666300,5.98,-0.30
87,2025-11-10,292.74,295.50,290.15,293.65,10869200,5.35,0.31
88,2025-11-07,283.64,286.31,275.61,284.93,15715700,10.70,0.45
89,2025-11-06,292.48,293.02,285.80,287.65,11516900,7.22,-1.65
90,2025-11-05,291.01,296.58,289.90,292.03,10502500,6.68,0.35
91,2025-11-04,295.25,300.33,291.90,292.43,16224300,8.43,-0.95
92,2025-11-03,300.93,308.42,300.46,303.18,12466600,7.96,0.75
93,2025-10-31,304.31,305.99,295.05,298.78,12667900,10.94,-1.82
94,2025-10-30,301.41,305.62,299.17,301.55,14507100,6.45,0.05
95,2025-10-29,304.12,306.27,300.72,303.41,16177300,5.55,-0.23
96,2025-10-28,296.68,300.47,294.45,299.87,11804200,6.02,1.08
97,2025-10-27,297.01,298.83,292.08,296.61,13615000,6.75,-0.13
98,2025-10-24,293.95,296.31,292.77,293.34,8747000,3.54,-0.21
99,2025-10-23,288.21,292.47,288.04,289.13,10379900,4.44,0.32
100,2025-10-22,291.39,293.58,282.84,287.29,15409100,10.74,-1.41
101,2025-10-21,297.36,297.73,292.05,292.89,11190500,5.68,-1.50
102,2025-10-20,298.35,301.98,295.43,296.06,13391600,6.55,-0.77
103,2025-10-17,296.76,301.63,293.30,293.46,17633300,8.33,-1.11
104,2025-10-16,309.22,309.66,295.06,298.19,26341500,14.60,-3.57
105,2025-10-15,304.61,304.93,298.42,303.04,20788000,6.50,-0.52
106,2025-10-14,294.01,300.09,289.74,294.31,16567900,10.35,0.10
107,2025-10-13,296.60,302.96,290.71,301.23,20318300,12.24,1.56
108,2025-10-10,298.31,298.55,278.79,279.12,23398000,19.76,-6.43
109,2025-10-09,300.65,301.17,295.79,298.23,10259900,5.38,-0.80
110,2025-10-08,293.38,304.72,292.36,302.85,12821200,12.35,3.23
111,2025-10-07,304.94,305.41,291.67,292.41,13081000,13.74,-4.11
112,2025-10-06,298.36,305.61,298.29,300.74,15785000,7.32,0.80
113,2025-10-03,291.25,294.43,288.89,290.58,10572500,5.54,-0.23
114,2025-10-02,294.89,295.09,285.45,286.53,10198000,9.64,-2.84
115,2025-10-01,276.91,288.88,275.65,286.88,14620100,13.24,3.60
116,2025-09-30,273.81,277.95,272.33,277.76,8348800,5.63,1.44
117,2025-09-29,274.97,278.33,271.73,271.73,8046200,6.60,-1.18
118,2025-09-26,272.39,273.99,269.13,271.86,10451900,4.85,-0.19
119,2025-09-25,271.62,275.62,268.71,275.14,11863400,6.91,1.30
120,2025-09-24,278.77,279.66,275.20,279.17,10231000,4.47,0.14
121,2025-09-23,280.85,284.43,278.46,281.16,17830300,5.97,0.11
122,2025-09-22,265.08,274.84,263.99,271.13,15630300,10.85,2.28
123,2025-09-19,264.91,265.11,261.37,263.41,17640200,3.74,-0.56
124,2025-09-18,256.58,269.05,256.56,267.16,16917300,12.49,4.12
125,2025-09-17,262.89,263.35,258.30,261.35,10422000,5.05,-0.59
126,2025-09-16,264.46,264.98,259.18,260.62,10381900,5.80,-1.45
127,2025-09-15,257.76,260.53,256.52,259.13,8147700,4.02,0.53
128,2025-09-12,258.60,258.70,256.15,257.09,8496600,2.55,-0.58
129,2025-09-11,258.11,259.38,256.00,256.68,10005000,3.38,-0.55
130,2025-09-10,256.64,262.30,255.53,258.19,18822400,6.77,0.61
131,2025-09-09,244.80,252.53,244.80,248.76,13443400,7.73,1.62
132,2025-09-08,239.90,245.74,239.54,245.06,12986600,6.21,2.15
133,2025-09-05,238.17,242.44,235.85,241.31,14056600,6.59,1.32
134,2025-09-04,229.36,233.28,228.31,233.18,6241900,4.97,1.67
135,2025-09-03,229.52,230.45,226.63,229.39,7198500,3.82,-0.06
136,2025-09-02,224.20,227.36,223.68,226.42,13974900,3.68,0.99
137,2025-08-29,233.81,233.92,228.59,228.88,15526000,5.32,-2.11
138,2025-08-28,234.26,238.58,233.97,236.22,8466200,4.62,0.83
139,2025-08-27,234.83,237.34,233.41,237.23,9516400,3.93,1.02
140,2025-08-26,234.33,236.77,233.70,236.66,9793100,3.07,0.99
141,2025-08-25,232.28,235.23,230.25,233.56,7655000,4.99,0.55
142,2025-08-22,226.03,232.43,224.22,230.98,10299500,8.21,2.19
143,2025-08-21,226.18,228.34,224.31,225.37,7449100,4.03,-0.36
144,2025-08-20,226.17,227.06,221.77,226.63,17165200,5.28,0.20
145,2025-08-19,237.95,238.10,230.57,230.69,14594700,7.52,-3.05
146,2025-08-18,237.92,240.77,237.92,239.33,6919800,2.85,0.59
147,2025-08-15,238.26,238.72,235.21,236.82,8155500,3.51,-0.60
148,2025-08-14,235.92,239.30,234.78,238.92,11040500,4.52,1.27
149,2025-08-13,244.31,244.31,237.87,239.36,7971900,6.43,-2.02
150,2025-08-12,241.62,242.66,239.62,242.18,7295800,3.04,0.23
151,2025-08-11,239.95,243.23,239.46,240.00,8272900,3.78,0.02
152,2025-08-08,241.06,241.06,236.91,239.74,10552500,4.15,-0.55
153,2025-08-07,242.36,245.70,238.72,240.53,17691000,6.98,-0.76
154,2025-08-06,229.04,230.20,226.85,229.38,9457200,3.35,0.15
155,2025-08-05,236.28,236.57,228.19,230.47,11868900,8.39,-2.46
156,2025-08-04,235.86,236.94,234.35,236.94,6450700,2.59,0.46
157,2025-08-01,233.59,235.14,229.84,233.18,13549800,5.30,-0.17
158,2025-07-31,243.86,245.28,237.73,239.54,13490700,7.54,-1.77
159,2025-07-30,240.03,242.46,239.14,240.82,6823800,3.32,0.33
160,2025-07-29,239.42,241.87,237.75,239.25,9411500,4.11,-0.07
161,2025-07-28,240.90,241.85,238.97,240.66,11892200,2.87,-0.10
162,2025-07-25,239.24,244.12,238.86,243.48,11593400,5.25,1.77
163,2025-07-24,238.14,239.86,235.98,239.52,9081900,3.89,0.58
164,2025-07-23,236.46,238.43,234.34,238.26,9885400,4.08,0.76
165,2025-07-22,235.78,235.95,229.76,232.58,11919500,6.19,-1.36
166,2025-07-21,238.05,240.25,236.65,236.79,11971800,3.60,-0.53
167,2025-07-18,243.19,243.85,236.63,238.33,16252000,7.22,-2.00
168,2025-07-17,243.67,246.14,239.31,243.48,27395700,6.83,-0.08
169,2025-07-16,234.36,236.26,232.13,235.51,15092800,4.12,0.49
170,2025-07-15,232.44,235.66,231.83,234.91,14270100,3.83,1.06
171,2025-07-14,227.35,227.87,224.36,226.70,10673500,3.51,-0.29
172,2025-07-11,229.01,230.27,227.42,228.41,8817800,2.85,-0.26
173,2025-07-10,230.77,231.04,225.81,227.78,13124700,5.23,-1.30
174,2025-07-09,228.46,231.26,228.25,229.84,9475300,3.00,0.60
175,2025-07-08,227.80,228.34,225.58,225.90,8854400,2.77,-0.84
176,2025-07-07,229.63,230.54,225.48,227.19,13817500,5.07,-1.06
177,2025-07-03,231.85,235.53,231.26,232.78,7779600,4.27,0.40
178,2025-07-02,222.54,231.80,222.07,231.59,12012500,9.74,4.06
179,2025-07-01,225.47,226.63,219.27,222.74,9990200,7.36,-1.21
180,2025-06-30,225.48,226.18,222.86,224.54,9279800,3.32,-0.42
181,2025-06-27,222.37,226.91,222.10,226.60,13133000,4.81,1.90
182,2025-06-26,223.04,223.28,220.78,222.08,7982200,2.50,-0.43
183,2025-06-25,218.90,221.57,218.90,220.82,9168400,2.68,0.88
184,2025-06-24,212.54,218.47,212.04,218.19,14814700,6.43,2.66
185,2025-06-23,204.85,208.77,204.42,208.51,7535500,4.35,1.79
186,2025-06-20,213.34,213.64,206.36,207.70,16992000,7.29,-2.64
187,2025-06-18,212.85,213.31,211.05,211.66,6932000,2.26,-0.56
188,2025-06-17,212.05,214.08,211.66,212.06,8389700,2.42,0.00
189,2025-06-16,211.16,215.72,210.90,213.82,10932900,4.83,1.26
190,2025-06-13,208.30,211.42,207.59,209.28,10152500,3.83,0.47
191,2025-06-12,211.08,214.02,210.08,213.57,9796100,3.94,1.18
192,2025-06-11,212.37,214.77,210.34,211.48,13326400,4.43,-0.42
193,2025-06-10,209.02,210.62,207.39,209.86,14514000,3.23,0.40
194,2025-06-09,203.87,206.71,203.35,204.47,11472300,3.36,0.29
195,2025-06-06,201.09,203.77,200.74,202.67,8532000,3.02,0.79
196,2025-06-05,202.37,203.24,199.81,200.85,12214300,3.44,-0.75
197,2025-06-04,198.92,201.53,197.93,199.92,13531100,3.61,0.51
198,2025-06-03,191.97,195.75,191.27,195.19,9548300,4.47,1.68
199,2025-06-02,190.68,192.77,189.85,192.46,7447400,2.92,0.93
200,2025-05-30,193.37,193.51,188.23,190.95,11998300,5.28,-1.25
201,2025-05-29,197.02,197.36,193.68,194.74,14609900,3.67,-1.16
202,2025-05-28,193.69,195.65,193.09,193.74,17787600,2.56,0.03
203,2025-05-27,191.73,195.88,191.33,195.26,12228200,4.55,1.84
204,2025-05-23,189.67,190.44,187.71,189.63,9403100,2.74,-0.02
205,2025-05-22,189.00,194.42,189.00,193.79,11825000,5.42,2.53
206,2025-05-21,190.74,192.88,188.20,189.41,7375700,4.68,-0.69
207,2025-05-20,189.45,191.36,188.48,191.08,7054100,2.88,0.86
208,2025-05-19,186.69,191.13,186.50,191.13,10144400,4.63,2.38
209,2025-05-16,192.15,192.69,190.21,191.84,9146700,2.48,-0.16
210,2025-05-15,190.74,192.11,189.29,191.84,10241800,2.83,0.58
211,2025-05-14,192.89,193.82,190.87,192.38,12359000,2.95,-0.27
212,2025-05-13,185.42,191.90,185.42,191.62,19996000,6.48,3.34
213,2025-05-12,184.99,186.86,182.35,184.69,22064900,4.50,-0.16
214,2025-05-09,177.60,178.25,174.31,174.36,11582800,3.94,-1.82
215,2025-05-08,173.19,175.28,171.54,173.08,10343000,3.74,-0.07
216,2025-05-07,171.97,173.83,169.27,172.40,9682500,4.55,0.25
217,2025-05-06,170.49,172.60,168.50,170.17,14565600,4.10,-0.19
218,2025-05-05,176.81,177.88,174.09,174.24,14618900,3.78,-1.45
219,2025-05-02,177.60,178.44,174.97,177.09,21691200,3.47,-0.29
220,2025-05-01,170.69,172.64,168.86,170.61,22670600,3.78,-0.05
221,2025-04-30,161.54,164.88,159.77,164.65,10073000,5.11,1.93
222,2025-04-29,162.37,163.97,161.50,162.47,9830100,2.47,0.06
223,2025-04-28,162.98,163.30,158.54,161.40,11415600,4.76,-0.97
224,2025-04-25,161.92,163.88,159.19,163.08,14654800,4.69,0.71
225,2025-04-24,155.85,162.54,155.46,162.17,18761100,7.07,4.06
226,2025-04-23,157.42,158.42,154.09,155.88,17667900,4.33,-0.98
227,2025-04-22,146.19,150.73,145.64,149.55,12668600,5.10,2.30
228,2025-04-21,148.16,148.44,144.06,146.05,15170500,4.39,-1.42
229,2025-04-17,154.14,155.57,149.60,149.88,27239900,5.98,-2.76
230,2025-04-16,148.76,151.66,146.67,149.81,23806100,4.99,0.71
231,2025-04-15,154.58,156.31,154.14,155.41,14306600,2.17,0.54
232,2025-04-14,156.36,156.65,152.15,153.93,17509400,4.50,-1.55
233,2025-04-11,154.09,156.08,151.38,155.16,19632200,4.70,0.69
234,2025-04-10,153.60,154.09,145.11,149.28,24503500,8.98,-2.81
235,2025-04-09,138.48,158.65,136.21,156.81,45612500,22.44,13.23
236,2025-04-08,150.12,150.74,137.28,139.64,30479700,13.46,-6.98
237,2025-04-07,132.86,151.87,132.61,144.38,46388300,19.26,8.67
238,2025-04-04,149.04,149.46,143.07,145.00,36085100,6.39,-2.71
239,2025-04-03,158.10,159.82,155.29,155.45,28370500,4.53,-1.67
240,2025-04-02,164.81,169.65,164.31,168.31,10072700,5.33,2.12
241,2025-04-01,164.35,166.80,163.04,166.58,9180000,3.76,1.35
242,2025-03-31,158.40,164.10,157.78,163.97,19408300,6.32,3.52
243,2025-03-28,165.98,166.57,162.05,163.23,16332000,4.51,-1.66
244,2025-03-27,169.29,169.51,165.50,166.18,17559100,4.01,-1.84
245,2025-03-26,177.04,177.35,169.37,171.38,14612400,7.98,-3.20
246,2025-03-25,180.24,180.28,177.60,178.69,8718800,2.68,-0.86
247,2025-03-24,177.79,180.69,177.48,178.94,11440000,3.21,0.65
248,2025-03-21,172.77,175.03,171.66,174.57,9993200,3.37,1.04
249,2025-03-20,172.71,176.48,172.41,175.30,12209700,4.07,1.50
250,2025-03-19,170.88,173.58,169.64,171.63,10678500,3.94,0.44
251,2025-03-18,172.25,172.44,168.34,171.01,9986000,4.10,-0.72
252,2025-03-17,171.16,174.31,171.03,173.41,9678100,3.29,1.32
253,2025-03-14,169.88,171.57,169.17,171.29,11449400,2.40,0.83
254,2025-03-13,171.10,171.10,167.76,168.83,14381600,3.34,-1.32
255,2025-03-12,172.78,175.27,171.95,174.32,14737600,3.32,0.89
256,2025-03-11,167.91,170.55,165.40,168.22,16561100,5.15,0.19
257,2025-03-10,169.70,172.08,165.21,167.91,18265100,6.87,-1.06
258,2025-03-07,172.97,175.60,168.27,174.25,21012700,7.33,0.75
259,2025-03-06,175.71,178.63,172.97,173.02,17864300,5.67,-1.53
260,2025-03-05,180.06,181.77,177.82,181.32,17334000,3.96,0.70
261,2025-03-04,172.25,180.65,171.38,177.11,29395200,9.27,2.82
262,2025-03-03,178.24,178.65,168.32,170.19,37403000,10.33,-4.52
263,2025-02-28,176.43,179.23,172.70,177.63,27929400,6.53,0.68
264,2025-02-27,191.56,191.64,178.17,178.18,24219200,13.47,-6.99
265,2025-02-26,188.02,192.93,188.02,191.49,14112300,4.91,1.85
266,2025-02-25,187.59,190.42,184.46,186.33,20581000,5.96,-0.67
267,2025-02-24,193.72,195.60,188.38,188.57,15114300,7.21,-2.66
268,2025-02-21,198.10,199.43,192.86,195.05,13757300,6.57,-1.53
269,2025-02-20,197.06,197.12,194.43,196.88,10639300,2.69,-0.09
270,2025-02-19,198.76,199.34,196.81,197.72,13163100,2.54,-0.52
271,2025-02-18,201.47,202.54,197.30,199.48,14988100,5.24,-0.99
272,2025-02-14,196.77,202.94,194.29,200.62,23220300,8.65,1.96
273,2025-02-13,198.64,199.05,196.03,198.59,15580900,3.02,-0.02
274,2025-02-12,201.61,203.74,199.75,203.06,7373700,3.99,0.72
275,2025-02-11,201.83,206.47,197.77,205.39,9224500,8.70,1.76
276,2025-02-10,204.66,206.61,203.21,204.61,9296500,3.39,-0.02
277,2025-02-07,209.59,209.75,202.41,202.81,11616200,7.34,-3.23
278,2025-02-06,206.68,207.79,203.67,207.12,8491400,4.11,0.21
279,2025-02-05,202.69,207.10,200.55,205.22,10997800,6.54,1.25
280,2025-02-04,200.79,202.44,198.83,200.77,12692900,3.61,-0.01
281,2025-02-03,196.42,201.70,194.80,196.59,17719800,6.90,0.09
282,2025-01-31,206.56,211.55,204.85,205.96,15746900,6.69,-0.29
283,2025-01-30,203.25,206.25,202.12,204.81,13539000,4.13,0.76
284,2025-01-29,201.20,203.13,196.54,199.08,15199500,6.59,-1.06
285,2025-01-28,192.51,199.58,189.37,199.15,31738800,10.21,3.45
286,2025-01-27,193.87,203.67,184.65,189.22,68667500,19.02,-2.40
287,2025-01-24,222.59,222.76,217.41,218.31,13183800,5.35,-1.92
288,2025-01-23,216.56,221.09,215.88,221.01,8986800,5.20,2.05
289,2025-01-22,218.38,221.81,215.79,219.61,17294500,6.02,0.56
290,2025-01-21,211.01,216.61,208.64,215.19,19061300,7.97,1.98
291,2025-01-17,211.71,212.21,207.67,208.10,21606100,4.55,-1.71
292,2025-01-16,215.37,218.38,209.74,211.34,38539600,8.64,-1.87
293,2025-01-15,199.24,205.68,196.15,203.48,18286500,9.53,2.13
294,2025-01-14,201.89,202.95,195.31,198.21,14182900,7.64,-1.82
295,2025-01-13,197.30,200.32,196.84,198.12,16612400,3.48,0.42
296,2025-01-10,204.26,206.61,199.96,205.02,17265200,6.64,0.37
297,2025-01-08,206.60,206.92,202.61,203.79,13262700,4.31,-1.36
298,2025-01-07,217.69,217.92,207.92,208.02,17010000,10.00,-4.44
299,2025-01-06,215.25,218.63,212.22,216.47,24339900,6.41,0.57
300,2025-01-03,200.82,205.45,200.43,205.26,10261900,5.02,2.21
301,2025-01-02,193.83,200.50,193.53,198.34,10951400,6.97,2.32
302,2024-12-31,197.56,198.54,194.19,194.32,6427900,4.35,-1.64
303,2024-12-30,196.63,198.72,195.29,197.17,11235200,3.43,0.28
304,2024-12-27,201.21,201.21,195.85,198.39,10664400,5.36,-1.40
305,2024-12-26,202.20,204.82,199.63,199.80,8044900,5.19,-1.19
306,2024-12-24,202.61,203.87,201.26,203.01,7634500,2.61,0.20
307,2024-12-23,197.77,204.71,197.68,204.03,17847000,7.03,3.16
308,2024-12-20,189.51,194.90,188.90,194.04,16170100,6.00,2.39
309,2024-12-19,195.21,195.38,190.83,191.51,10553400,4.55,-1.90
310,2024-12-18,199.74,201.94,190.84,192.42,14721100,11.10,-3.67
311,2024-12-17,197.77,199.15,194.30,197.44,11169400,4.85,-0.17
312,2024-12-16,199.94,202.20,197.64,198.97,15139300,4.56,-0.48
313,2024-12-13,195.32,199.29,194.10,197.76,19477000,5.19,1.25
314,2024-12-12,191.50,192.28,188.22,188.38,7944900,4.06,-1.63
315,2024-12-11,190.94,192.24,189.55,190.87,9027600,2.69,-0.04
316,2024-12-10,195.28,196.08,186.72,188.26,15307900,9.36,-3.60
317,2024-12-09,197.08,199.23,195.16,195.35,9699700,4.07,-0.88
318,2024-12-06,198.13,199.29,196.09,199.13,9672900,3.20,0.50
319,2024-12-05,197.39,201.69,196.90,200.38,12483700,4.79,1.52
320,2024-12-04,196.02,198.71,194.47,196.84,12761100,4.25,0.42
321,2024-12-03,189.79,195.18,188.91,195.07,11217700,6.28,2.79
322,2024-12-02,185.71,191.54,185.32,190.67,16646900,6.23,2.67
323,2024-11-29,178.03,183.36,177.70,181.12,8045300,5.66,1.74
324,2024-11-27,178.51,178.95,174.63,177.71,9895200,4.32,-0.45
325,2024-11-26,181.84,182.33,178.83,180.31,10186600,3.50,-0.84
326,2024-11-25,184.48,184.64,180.19,181.53,14380000,4.45,-1.60
327,2024-11-22,189.25,189.30,185.80,186.43,8838900,3.50,-1.49
328,2024-11-21,185.78,188.61,183.16,187.57,18137300,5.45,0.97
329,2024-11-20,185.23,185.23,180.53,184.75,10624500,4.70,-0.26
330,2024-11-19,185.50,186.37,184.41,186.03,9390100,1.96,0.29
331,2024-11-18,180.81,184.39,179.97,183.88,10681500,4.42,1.70
332,2024-11-15,184.57,185.18,181.26,182.44,9834800,3.91,-1.15
333,2024-11-14,184.79,188.96,183.94,184.88,11453900,5.02,0.05
334,2024-11-13,188.75,188.79,182.92,183.08,13882200,5.87,-3.00
335,2024-11-12,190.11,190.28,186.08,188.09,11819000,4.20,-1.06
336,2024-11-11,194.16,194.40,187.82,190.33,16610000,6.58,-1.98
337,2024-11-08,199.98,202.65,196.18,197.34,13112100,6.46,-1.32
338,2024-11-07,192.54,198.13,192.49,197.33,14865200,5.65,2.49
339,2024-11-06,188.36,190.53,184.88,189.51,19834900,5.65,0.61
340,2024-11-05,189.87,194.54,189.78,192.00,10339200,4.76,1.13
341,2024-11-04,189.98,190.63,186.94,187.89,10917300,3.69,-1.10
342,2024-11-01,190.47,194.37,188.86,189.25,12691200,5.51,-0.64
343,2024-10-31,189.16,189.16,184.06,186.89,13062700,5.10,-1.20
344,2024-10-30,190.65,191.70,188.92,190.75,10007800,2.79,0.05
345,2024-10-29,190.66,194.98,189.89,193.16,13779100,5.09,1.31
346,2024-10-28,195.44,195.91,190.79,190.95,20135300,5.12,-2.30
347,2024-10-25,196.41,201.26,196.16,199.54,13434900,5.10,1.59
348,2024-10-24,195.14,196.65,193.62,194.13,9935800,3.03,-0.52
349,2024-10-23,192.91,199.23,192.47,197.01,16535700,6.77,2.13
350,2024-10-22,195.25,196.33,193.33,194.67,11165100,3.00,-0.30
351,2024-10-21,196.96,199.54,195.83,198.08,14820000,3.71,0.57
352,2024-10-18,202.00,202.00,196.91,196.93,21030800,5.09,-2.51
353,2024-10-17,199.45,208.52,198.10,201.89,62274700,10.43,1.22
354,2024-10-16,186.14,186.37,183.08,183.88,18689200,3.29,-1.21
355,2024-10-15,189.26,189.91,180.72,183.54,21812700,9.19,-3.02
356,2024-10-14,186.95,190.52,186.85,188.52,11714400,3.68,0.84
357,2024-10-11,184.56,187.82,184.40,187.15,12163900,3.41,1.40
358,2024-10-10,182.29,183.49,180.86,182.22,6443800,2.63,-0.04
359,2024-10-09,184.20,184.39,178.76,183.55,11925000,5.63,-0.35
360,2024-10-08,181.41,182.96,178.54,182.48,10394200,4.42,0.59
361,2024-10-07,178.12,181.45,177.46,180.97,12054200,3.99,1.60
362,2024-10-04,176.25,177.75,174.14,177.68,9993800,3.61,0.81
363,2024-10-03,172.43,177.32,171.76,176.04,12555000,5.56,2.09
364,2024-10-02,169.64,173.58,167.51,172.43,11164400,6.06,1.64
365,2024-10-01,171.95,172.61,167.50,168.77,11850200,5.11,-1.85
366,2024-09-30,170.93,173.43,168.63,170.34,13540200,4.80,-0.34
367,2024-09-27,182.28,182.37,174.00,174.56,17908400,8.38,-4.23
368,2024-09-26,184.88,185.70,180.27,183.25,15103400,5.42,-0.89
369,2024-09-25,178.04,180.29,177.73,178.85,8280900,2.56,0.46
370,2024-09-24,176.06,179.27,173.65,178.48,14576100,5.62,1.38
371,2024-09-23,171.49,172.04,170.37,171.41,5794200,1.67,-0.05
372,2024-09-20,171.52,172.64,170.32,170.74,18429800,2.32,-0.45
373,2024-09-19,171.04,174.37,169.32,172.84,15855000,5.05,1.06
374,2024-09-18,165.23,168.31,163.80,164.07,9116000,4.51,-0.70
375,2024-09-17,166.10,166.97,163.17,164.14,8629100,3.81,-1.18
376,2024-09-16,166.65,167.29,163.57,165.84,12194300,3.72,-0.49
377,2024-09-13,168.94,171.42,168.16,169.19,8787800,3.26,0.15
378,2024-09-12,167.33,168.85,165.76,168.14,13399900,3.09,0.49
379,2024-09-11,160.07,166.50,157.74,166.35,15059500,8.76,3.93
380,2024-09-10,159.18,159.18,154.10,158.73,11910800,5.08,-0.28
381,2024-09-09,157.10,159.38,156.60,159.07,10339000,2.79,1.26
382,2024-09-06,161.13,161.64,152.45,153.25,14964400,9.19,-4.89
383,2024-09-05,157.86,160.84,157.38,159.97,10260600,3.46,1.34
384,2024-09-04,155.67,160.15,155.33,157.20,11317400,4.82,0.99
385,2024-09-03,164.17,164.84,156.16,156.83,18464400,8.68,-4.47
386,2024-08-30,166.18,168.31,164.90,167.79,9481400,3.40,0.96
387,2024-08-29,164.81,171.42,163.69,165.30,13213200,7.73,0.30
388,2024-08-28,167.42,168.54,162.41,165.34,10581400,6.13,-1.24
389,2024-08-27,162.63,166.69,161.28,166.66,9186000,5.41,2.48
390,2024-08-26,166.50,167.15,164.00,165.22,9611300,3.16,-0.77
391,2024-08-23,165.15,169.34,164.09,167.38,12189100,5.25,1.35
392,2024-08-22,168.08,169.33,162.28,162.65,13546100,7.06,-3.23
393,2024-08-21,166.48,169.14,166.04,167.53,9434800,3.10,0.63
394,2024-08-20,171.40,171.40,165.98,168.12,13555500,5.42,-1.92
395,2024-08-19,170.78,171.45,167.20,171.45,11511000,4.25,0.39
396,2024-08-16,169.44,171.01,168.32,170.56,10710000,2.69,0.66
397,2024-08-15,168.50,171.44,166.93,170.00,15393500,4.51,0.89
398,2024-08-14,167.96,168.58,163.38,166.10,11510300,5.20,-1.11
399,2024-08-13,164.17,168.52,162.55,168.41,15243500,5.97,2.58
400,2024-08-12,162.22,165.67,161.77,163.81,14727300,3.90,0.98
401,2024-08-09,162.53,163.98,159.52,163.31,20519400,4.46,0.48
402,2024-08-08,155.64,161.00,152.00,160.80,18889600,9.00,3.32
403,2024-08-07,157.87,158.94,151.00,151.51,22379000,7.94,-4.03
404,2024-08-06,147.01,154.12,144.35,151.85,24528100,9.76,3.29
405,2024-08-05,130.81,146.58,130.53,144.58,31193100,16.06,10.53
406,2024-08-02,147.80,150.35,143.54,146.44,31095300,6.81,-0.92
407,2024-08-01,159.75,163.85,153.27,154.58,21095600,10.58,-3.24
408,2024-07-31,160.04,162.85,158.38,162.02,19860400,4.48,1.24
409,2024-07-30,156.78,157.48,149.07,151.02,22018000,8.40,-3.68
410,2024-07-29,158.97,159.51,155.01,156.36,12663100,4.50,-1.64
411,2024-07-26,160.56,160.84,155.56,158.25,13089200,5.28,-1.44
412,2024-07-25,154.56,159.68,148.64,156.63,25731800,11.03,1.34
413,2024-07-24,161.33,161.68,155.95,156.16,19536600,5.73,-3.20
414,2024-07-23,165.56,167.63,164.14,165.95,11690700,3.49,0.24
415,2024-07-22,162.81,166.99,162.39,165.49,21037200,4.59,1.64
416,2024-07-19,165.31,166.63,161.45,161.99,22585300,5.18,-2.01
417,2024-07-18,171.50,174.62,160.76,167.95,52903600,13.86,-2.07
418,2024-07-17,171.23,172.56,166.62,167.30,45052600,5.93,-2.29
419,2024-07-16,183.98,185.27,180.80,181.80,16663300,4.47,-1.18
420,2024-07-15,184.38,185.73,179.88,181.00,15683100,5.84,-1.83
421,2024-07-12,178.90,186.04,178.59,183.08,19220300,7.46,2.34
422,2024-07-11,188.69,189.06,178.84,180.30,21584200,10.22,-4.45
423,2024-07-10,183.99,187.06,182.45,186.70,19293500,4.61,1.47
424,2024-07-09,183.80,184.15,178.34,180.31,19935200,5.80,-1.90
425,2024-07-08,185.67,188.41,180.91,182.38,22582400,7.50,-1.77
426,2024-07-05,179.94,180.86,178.15,179.80,11372900,2.72,-0.08
427,2024-07-03,173.93,178.33,173.83,178.33,11808700,4.50,2.53
428,2024-07-02,167.23,172.68,167.13,171.70,10655500,5.55,2.67
429,2024-07-01,170.27,171.31,166.57,168.40,10717000,4.74,-1.10
430,2024-06-28,168.87,172.79,168.87,169.85,11216100,3.92,0.58
431,2024-06-27,169.83,171.48,167.25,167.72,10864600,4.23,-1.24
432,2024-06-26,168.20,169.73,166.32,168.15,11901500,3.41,-0.03
433,2024-06-25,166.08,168.71,165.16,168.67,13346800,3.55,1.56
434,2024-06-24,166.55,167.51,163.31,163.99,19741700,4.20,-1.54
435,2024-06-21,168.77,173.44,168.29,170.00,20175600,5.15,0.72
436,2024-06-20,178.42,179.00,169.55,171.38,28403200,9.45,-3.94
437,2024-06-18,175.92,180.65,174.91,175.60,27155100,5.74,-0.18
438,2024-06-17,173.79,174.60,169.53,173.20,18593700,5.07,-0.34
439,2024-06-14,168.08,169.68,166.48,168.58,9192500,3.21,0.30
440,2024-06-13,169.01,170.10,166.62,168.97,15591800,3.48,-0.02
441,2024-06-12,168.88,171.51,167.10,168.51,20309500,4.40,-0.22
442,2024-06-11,163.83,164.05,159.55,161.42,11508600,4.50,-1.47
443,2024-06-10,159.76,165.45,158.22,163.81,12418900,7.23,2.54
444,2024-06-07,159.34,161.82,157.77,160.14,14023300,4.05,0.50
445,2024-06-06,160.27,160.44,156.21,157.88,14819100,4.23,-1.49
446,2024-06-05,154.49,159.50,153.87,158.71,23192600,5.63,2.73
447,2024-06-04,149.43,149.81,147.09,148.53,10066700,2.73,-0.61
448,2024-06-03,151.11,153.09,148.52,150.94,12924400,4.57,-0.11
449,2024-05-31,147.56,148.56,143.99,147.13,13782600,4.57,-0.29
450,2024-05-30,149.62,150.07,147.96,149.00,9687800,2.10,-0.41
451,2024-05-29,152.70,152.82,149.25,150.35,15780000,3.58,-1.54
452,2024-05-28,155.55,156.23,153.52,155.29,13964400,2.71,-0.17
453,2024-05-24,153.13,156.50,152.66,155.86,11908200,3.85,1.78
454,2024-05-23,155.06,156.62,151.84,153.03,20873000,4.78,-1.31
455,2024-05-22,151.85,153.16,150.54,152.11,13455200,2.62,0.17
456,2024-05-21,148.36,150.01,148.02,149.70,7919400,1.99,0.90
457,2024-05-20,147.75,150.25,146.92,149.58,9261200,3.33,1.24
458,2024-05-17,150.02,150.02,146.94,147.76,7711200,3.08,-1.51
459,2024-05-16,150.11,151.05,148.27,148.29,13394100,2.78,-1.21
460,2024-05-15,149.39,151.97,148.78,151.56,14027100,3.19,1.45
461,2024-05-14,142.70,148.08,142.47,148.02,12316500,5.61,3.73
462,2024-05-13,144.19,144.60,142.52,142.62,8278700,2.08,-1.09
463,2024-05-10,143.41,146.61,143.13,145.40,23671400,3.48,1.39
464,2024-05-09,139.24,139.64,137.48,139.10,8012700,2.16,-0.10
465,2024-05-08,137.46,140.53,137.16,139.89,10202300,3.37,1.76
466,2024-05-07,138.20,138.61,136.88,137.46,8682900,1.73,-0.54
467,2024-05-06,136.84,139.14,136.19,139.14,8601600,2.94,1.68
468,2024-05-03,135.31,138.43,135.17,137.90,13264300,3.26,1.92
469,2024-05-02,132.09,133.20,129.77,132.71,9261900,3.43,0.46
470,2024-05-01,133.87,135.82,129.76,131.45,12561800,6.06,-1.80
471,2024-04-30,134.37,136.09,133.71,133.79,10980600,2.38,-0.43
472,2024-04-29,134.43,135.06,132.40,134.92,9997100,2.67,0.36
473,2024-04-26,133.27,135.15,132.43,134.72,9453400,2.72,1.09
474,2024-04-25,126.64,134.28,125.53,133.05,18034300,8.75,5.06
475,2024-04-24,132.57,132.77,128.14,129.53,15558000,4.63,-2.29
476,2024-04-23,127.96,130.25,127.28,129.98,12573800,2.97,1.58
477,2024-04-22,123.47,127.28,122.53,126.39,18556800,4.75,2.37
478,2024-04-19,126.02,128.15,123.36,124.40,28284000,4.78,-1.29
479,2024-04-18,129.45,131.64,126.93,128.85,39306100,4.71,-0.47
480,2024-04-17,137.48,138.88,133.81,135.43,18823200,5.08,-1.49
481,2024-04-16,134.32,136.91,133.52,136.18,14218200,3.39,1.39
482,2024-04-15,141.27,141.72,136.26,136.52,13458800,5.46,-3.37
483,2024-04-12,141.25,142.72,138.47,138.83,12024000,4.25,-1.71
484,2024-04-11,143.39,143.74,140.40,143.39,11818800,3.34,0.00
485,2024-04-10,142.84,144.59,141.50,142.44,18861300,3.09,-0.28
486,2024-04-09,142.48,144.34,139.25,141.64,18443400,5.09,-0.59
487,2024-04-08,141.48,142.22,139.07,139.10,16307400,3.16,-1.69
488,2024-04-05,136.38,138.33,135.33,137.70,8263600,3.00,0.97
489,2024-04-04,140.28,142.95,135.82,136.05,15759500,7.13,-3.01
490,2024-04-03,135.00,139.23,134.81,138.33,9707500,4.42,2.47
491,2024-04-02,136.75,137.39,135.75,136.59,9869200,1.65,-0.11
492,2024-04-01,133.74,139.26,133.51,137.83,14222700,5.76,3.06
493,2024-03-28,132.17,133.26,131.94,132.53,10019400,1.32,0.27
494,2024-03-27,135.27,135.68,131.65,133.15,13842800,4.02,-1.56
495,2024-03-26,136.97,137.31,135.05,135.25,10786400,2.26,-1.26
496,2024-03-25,136.54,138.02,135.66,136.60,9922200,2.36,0.05
497,2024-03-22,135.79,137.68,135.51,136.91,9944100,2.17,0.82
498,2024-03-21,138.86,138.91,135.44,135.84,17809400,3.47,-2.17
499,2024-03-20,133.00,133.76,131.52,133.21,12750200,2.24,0.16
500,2024-03-19,131.80,132.75,129.59,131.38,17341100,3.16,-0.32
501,2024-03-18,136.55,137.88,133.08,133.11,14732900,4.80,-2.53
502,2024-03-15,131.40,133.60,130.62,132.90,22751200,2.98,1.14
503,2024-03-14,138.36,138.84,134.88,135.46,14961900,3.96,-2.10
504,2024-03-13,138.79,138.96,137.16,137.90,12923100,1.80,-0.64
505,2024-03-12,140.21,142.33,136.38,140.10,21218500,5.95,-0.08
506,2024-03-11,139.34,140.10,134.79,134.88,29227100,5.31,-3.20
507,2024-03-08,149.31,153.68,140.61,142.01,43856900,13.07,-4.89
508,2024-03-07,140.58,147.08,139.85,144.75,34675700,7.23,2.97
509,2024-03-06,134.66,139.71,134.48,137.35,22292700,5.23,2.00
510,2024-03-05,133.03,133.33,129.74,130.95,13694700,3.59,-1.57
511,2024-03-04,135.77,137.76,133.58,134.14,26544600,4.18,-1.20
512,2024-03-01,126.25,132.58,126.22,129.91,24393000,6.35,2.90
513,2024-02-29,124.21,125.34,123.36,124.84,9369900,1.98,0.50
514,2024-02-28,124.67,124.75,122.88,123.58,6519100,1.87,-0.87
515,2024-02-27,126.87,128.04,124.76,124.76,8851800,3.28,-1.67
516,2024-02-26,126.15,127.32,124.73,126.75,9526700,2.59,0.48
517,2024-02-23,126.61,127.11,123.92,125.67,10123300,3.18,-0.74
518,2024-02-22,125.82,127.56,125.16,125.22,17014100,2.41,-0.48
519,2024-02-21,120.72,121.64,119.25,121.60,11469700,2.40,0.73
520,2024-02-20,123.11,123.27,120.45,121.59,12038800,2.82,-1.23
521,2024-02-16,123.34,124.81,122.06,122.91,13104400,2.75,-0.35
522,2024-02-15,126.90,127.22,124.52,125.18,12554000,2.70,-1.35
523,2024-02-14,125.77,126.89,124.15,125.42,13069700,2.75,-0.28
524,2024-02-13,124.12,126.05,122.71,123.75,14494000,3.34,-0.30
525,2024-02-12,129.30,129.53,126.38,126.57,14203800,3.15,-2.11
526,2024-02-09,130.49,131.14,126.70,129.14,16984200,4.44,-1.03
527,2024-02-08,123.22,130.73,122.35,129.74,33367000,8.38,5.30
528,2024-02-07,116.43,121.27,116.42,121.26,18172500,4.85,4.14
529,2024-02-06,116.54,117.38,114.76,115.82,11503800,2.63,-0.62
530,2024-02-05,113.64,115.98,113.11,115.25,13267600,2.87,1.42
531,2024-02-02,111.44,112.50,110.52,112.30,10044000,1.98,0.77
532,2024-02-01,110.41,110.63,109.25,110.01,8807600,1.38,-0.36
533,2024-01-31,110.12,111.32,109.52,109.59,12853900,1.80,-0.48
534,2024-01-30,112.89,114.49,112.12,112.60,11030800,2.38,-0.26
535,2024-01-29,113.68,114.36,112.31,113.49,10042200,2.05,-0.16
536,2024-01-26,113.42,114.52,112.83,113.77,10196400,1.69,0.31
537,2024-01-25,114.50,115.30,113.01,113.09,15485300,2.29,-1.24
538,2024-01-24,111.89,115.31,111.19,113.05,21859200,4.11,1.03
539,2024-01-23,110.14,111.20,109.79,110.73,11667900,1.42,0.54
540,2024-01-22,111.36,111.67,109.17,109.66,17755500,2.50,-1.52
541,2024-01-19,109.85,111.72,107.71,110.80,37812600,4.01,0.87
542,2024-01-18,107.89,110.01,106.22,109.66,58783700,3.79,1.65
543,2024-01-17,97.86,100.25,97.02,99.88,17649500,3.23,2.06
544,2024-01-16,97.53,99.30,97.21,98.64,11185500,2.09,1.13
545,2024-01-12,97.88,99.33,97.86,98.22,6519700,1.46,0.35
546,2024-01-11,98.67,99.12,97.01,98.20,7862700,2.11,-0.47
547,2024-01-10,99.46,99.72,97.00,97.80,6975700,2.72,-1.68
548,2024-01-09,98.04,98.93,97.22,98.85,7764000,1.71,0.83
549,2024-01-08,97.63,99.73,97.50,99.19,12455600,2.22,1.60
550,2024-01-05,96.05,97.64,95.86,96.64,7347300,1.79,0.62
551,2024-01-04,96.56,97.45,96.17,96.18,7996700,1.28,-0.40
552,2024-01-03,97.35,98.23,96.69,97.18,6650600,1.54,-0.17
553,2024-01-02,99.20,99.56,97.59,98.50,9020900,1.97,-0.70
554,2023-12-29,101.60,101.84,100.58,100.90,4409600,1.26,-0.69
555,2023-12-28,101.87,102.38,101.58,101.58,5335100,0.80,-0.29
556,2023-12-27,101.92,102.23,100.98,101.53,5889700,1.25,-0.38
557,2023-12-26,100.52,101.83,100.48,101.34,6407500,1.35,0.81
558,2023-12-22,99.86,100.50,99.65,100.08,5566400,0.85,0.21
559,2023-12-21,98.28,99.66,98.15,99.49,9068200,1.51,1.23
560,2023-12-20,99.64,100.02,96.96,97.06,10814100,3.06,-2.59
561,2023-12-19,100.16,100.88,100.02,100.77,8498500,0.86,0.61
562,2023-12-18,99.78,100.23,99.04,99.86,5660600,1.19,0.09
563,2023-12-15,100.42,101.64,99.34,99.48,16379200,2.30,-0.93
564,2023-12-14,100.27,100.72,99.74,100.37,10074500,0.98,0.10
565,2023-12-13,97.92,99.15,97.44,98.61,8988800,1.71,0.71
566,2023-12-12,96.71,98.16,96.52,98.11,7378600,1.64,1.45
567,2023-12-11,96.15,97.73,95.96,97.48,9482800,1.78,1.39
568,2023-12-08,95.71,96.92,95.55,96.90,10572500,1.37,1.24
569,2023-12-07,94.59,96.22,94.53,95.88,11373700,1.69,1.36
570,2023-12-06,94.44,95.18,94.10,94.49,11262300,1.08,0.05
571,2023-12-05,93.15,93.69,92.59,93.37,8009600,1.10,0.24
572,2023-12-04,93.72,93.86,91.98,93.68,10619400,1.88,-0.04
573,2023-12-01,94.34,95.39,93.69,95.16,7500400,1.70,0.87
574,2023-11-30,95.53,95.58,93.57,93.97,9681400,2.01,-1.64
575,2023-11-29,95.60,96.30,95.21,95.48,7091100,1.09,-0.12
576,2023-11-28,94.51,94.87,93.90,94.61,6358100,0.98,0.11
577,2023-11-27,94.07,94.20,93.11,93.87,6856100,1.09,-0.22
578,2023-11-24,95.10,95.34,94.12,94.47,4297600,1.22,-0.66
579,2023-11-22,95.33,96.23,94.59,95.26,7413500,1.64,-0.07
580,2023-11-21,96.56,96.71,94.87,95.03,10112600,1.84,-1.59
581,2023-11-20,96.47,97.13,96.12,96.53,6448900,1.01,0.06
582,2023-11-17,95.54,96.29,94.94,96.16,7243000,1.35,0.65
583,2023-11-16,94.87,95.70,94.55,95.15,8459000,1.15,0.31
584,2023-11-15,96.52,97.24,95.04,95.41,10422900,2.20,-1.15
585,2023-11-14,94.63,96.27,94.59,95.51,13873200,1.68,0.93
586,2023-11-13,93.68,93.84,92.43,93.11,9526300,1.41,-0.61
587,2023-11-10,90.81,94.39,90.39,94.09,19281700,4.00,3.62
588,2023-11-09,89.45,90.16,88.45,88.47,8166000,1.71,-1.09
589,2023-11-08,90.12,90.23,88.77,88.84,6537700,1.46,-1.43
590,2023-11-07,89.08,89.85,88.60,89.24,6241300,1.26,0.17
591,2023-11-06,88.84,89.43,88.15,89.42,8402700,1.27,0.65
592,2023-11-03,88.50,89.27,87.72,88.64,9226700,1.55,0.15
593,2023-11-02,87.29,87.92,86.40,87.37,11032600,1.53,0.09
594,2023-11-01,83.50,84.85,83.37,84.78,9508800,1.48,1.54
595,2023-10-31,83.19,83.46,82.03,83.35,9004900,1.43,0.19
596,2023-10-30,84.31,85.27,83.05,83.10,9785500,2.22,-1.43
597,2023-10-27,84.53,84.76,82.94,83.04,12480700,1.83,-1.77
598,2023-10-26,84.13,85.11,83.57,84.45,9377300,1.55,0.38
599,2023-10-25,87.68,87.73,83.70,84.63,13027100,4.03,-3.48
600,2023-10-24,88.07,88.84,87.74,88.49,7374800,1.10,0.48
601,2023-10-23,86.89,89.09,86.10,87.98,8227900,2.99,1.26
602,2023-10-20,88.84,91.08,87.96,88.17,12197300,3.12,-0.75
603,2023-10-19,89.89,91.50,89.19,89.72,22751600,2.32,-0.19
604,2023-10-18,85.83,86.92,85.54,86.52,9982700,1.38,0.81
605,2023-10-17,86.72,88.55,85.48,87.87,7997100,3.07,1.33
606,2023-10-16,87.37,88.74,87.32,88.09,8791800,1.42,0.82
607,2023-10-13,89.56,89.75,87.10,87.35,7985100,2.65,-2.47
608,2023-10-12,89.33,90.23,88.69,89.25,8897800,1.55,-0.10
609,2023-10-11,88.12,88.85,87.52,88.84,8051700,1.33,0.81
610,2023-10-10,86.20,87.55,86.08,87.50,7182900,1.47,1.50
611,2023-10-09,85.75,86.27,85.02,85.93,4781300,1.26,0.21
612,2023-10-06,85.06,86.93,84.38,86.22,9777100,2.55,1.36
613,2023-10-05,83.85,84.92,83.56,84.04,6651700,1.36,0.23
614,2023-10-04,82.53,83.78,82.45,83.69,7658500,1.33,1.40
615,2023-10-03,84.01,84.32,82.14,82.48,8201700,2.18,-1.83
616,2023-10-02,84.19,85.38,84.03,84.64,6305000,1.35,0.54
617,2023-09-29,84.74,85.01,83.72,83.91,7338300,1.28,-0.97
618,2023-09-28,82.32,84.14,82.06,83.44,6647700,2.08,1.36
619,2023-09-27,82.24,82.62,81.21,82.50,7860700,1.41,0.32
620,2023-09-26,82.03,82.30,81.13,81.39,8877600,1.17,-0.78
621,2023-09-25,82.46,83.28,82.10,83.28,8758000,1.18,1.00
622,2023-09-22,83.29,83.79,82.51,82.70,7967200,1.27,-0.71
623,2023-09-21,83.08,83.18,82.42,82.43,10652500,0.76,-0.79
624,2023-09-20,85.48,86.25,84.29,84.29,6935300,1.96,-1.39
625,2023-09-19,85.41,85.79,84.77,85.14,7172100,1.01,-0.32
626,2023-09-18,85.50,86.59,85.39,85.78,6647400,1.20,0.33
627,2023-09-15,87.40,88.01,85.81,86.18,19940500,2.20,-1.39
628,2023-09-14,89.59,89.74,88.13,88.33,6506300,1.60,-1.41
629,2023-09-13,87.04,88.28,86.92,87.63,5757800,1.35,0.68
630,2023-09-12,86.90,87.97,86.86,86.92,8242600,1.10,0.02
631,2023-09-11,86.56,86.83,85.65,86.08,7268600,1.18,-0.55
632,2023-09-08,87.18,87.49,85.81,86.11,5820800,1.68,-1.22
633,2023-09-07,86.53,86.74,84.95,86.51,14684400,1.79,-0.02
634,2023-09-06,90.16,90.26,87.99,88.63,7933700,2.28,-1.69
635,2023-09-05,89.73,91.31,89.22,90.88,6396500,2.09,1.28
636,2023-09-01,90.59,90.86,89.43,89.52,7094600,1.43,-1.18
637,2023-08-31,89.67,90.69,89.60,89.89,8661200,1.09,0.25
638,2023-08-30,91.70,92.15,90.91,91.05,6073400,1.24,-0.70
639,2023-08-29,90.08,91.86,89.83,91.34,8910300,2.03,1.40
640,2023-08-28,90.13,90.45,89.58,90.30,5174800,0.86,0.19
641,2023-08-25,88.62,89.74,87.81,89.44,10356000,1.92,0.92
642,2023-08-24,92.73,92.97,88.83,88.89,12254400,4.14,-4.14
643,2023-08-23,90.10,91.36,89.57,90.51,10362600,1.79,0.46
644,2023-08-22,89.68,89.81,88.20,88.61,7059000,1.61,-1.19
645,2023-08-21,86.94,89.26,86.94,88.92,8618300,2.32,2.28
646,2023-08-18,86.53,87.74,86.04,87.52,9066200,1.70,1.14
647,2023-08-17,89.26,89.26,87.76,88.03,7712500,1.51,-1.38
648,2023-08-16,87.84,89.07,87.73,88.17,7439500,1.34,0.37
649,2023-08-15,88.88,89.06,87.89,88.07,6069500,1.17,-0.91
650,2023-08-14,88.08,89.62,87.71,89.41,7489700,1.91,1.51
651,2023-08-11,89.82,89.82,88.35,88.37,10658400,1.47,-1.61
652,2023-08-10,91.70,92.19,90.57,91.07,7459600,1.62,-0.68
653,2023-08-09,92.06,92.08,90.02,90.28,6426900,2.06,-1.93
654,2023-08-08,91.15,91.17,89.99,90.77,7659000,1.18,-0.41
655,2023-08-07,92.92,93.13,91.48,92.56,6601400,1.64,-0.39
656,2023-08-04,91.53,93.74,91.39,92.38,7562600,2.35,0.92
657,2023-08-03,91.11,92.04,90.86,91.24,8571700,1.18,0.15
658,2023-08-02,93.66,93.66,91.46,91.94,9820900,2.20,-1.85
659,2023-08-01,95.24,95.29,94.23,94.53,6428500,1.06,-0.75
660,2023-07-31,95.28,95.85,94.55,95.25,8647900,1.31,-0.03
661,2023-07-28,96.17,97.02,95.85,96.89,6758700,1.16,0.75
662,2023-07-27,97.51,97.76,95.02,95.44,8049800,2.74,-2.12
663,2023-07-26,95.58,96.19,94.69,95.50,8993500,1.50,-0.08
664,2023-07-25,95.61,96.92,95.21,96.37,9202200,1.71,0.80
665,2023-07-24,93.44,94.40,92.97,94.38,9054900,1.43,1.01
666,2023-07-21,94.03,94.14,92.54,93.42,15381200,1.59,-0.64
667,2023-07-20,94.67,96.50,93.23,94.01,22810200,3.27,-0.70
668,2023-07-19,99.81,100.67,98.54,99.01,11204800,2.13,-0.81
669,2023-07-18,99.61,99.65,98.00,99.09,10343600,1.65,-0.52
670,2023-07-17,100.56,100.90,98.55,100.67,10722600,2.34,0.11
671,2023-07-14,101.83,103.08,100.73,101.00,9518300,2.34,-0.81
672,2023-07-13,100.87,101.49,98.49,101.42,9265900,3.01,0.54
673,2023-07-12,98.78,100.32,98.72,99.81,10202000,1.60,1.04
674,2023-07-11,98.30,98.30,96.20,97.28,7677800,2.10,-1.05
675,2023-07-10,96.31,96.79,95.49,95.85,8041600,1.30,-0.48
676,2023-07-07,95.18,97.93,95.11,96.29,8036600,2.82,1.16
677,2023-07-06,95.20,95.64,94.72,95.50,9140800,0.92,0.31
678,2023-07-05,97.41,99.03,96.99,97.02,9010800,2.05,-0.40
679,2023-07-03,98.23,99.60,98.05,99.09,5638400,1.55,0.88
680,2023-06-30,97.41,97.88,96.46,96.95,11704600,1.42,-0.47
681,2023-06-29,97.35,97.53,96.09,96.68,7383900,1.44,-0.69
682,2023-06-28,96.55,97.87,96.28,96.95,8160900,1.59,0.42
683,2023-06-27,97.17,98.75,96.09,98.06,9732000,2.66,0.92
684,2023-06-26,98.01,98.99,96.15,96.17,8560000,2.83,-1.87
685,2023-06-23,97.53,98.17,97.04,97.90,8919000,1.13,0.38
686,2023-06-22,97.43,99.36,97.34,99.07,8575900,2.02,1.69
687,2023-06-21,99.09,99.65,97.62,97.64,9340400,2.03,-1.46
688,2023-06-20,100.08,100.75,99.02,99.89,9295500,1.74,-0.19
689,2023-06-16,101.28,101.59,100.25,100.46,11430800,1.34,-0.82
690,2023-06-15,102.09,102.46,100.94,101.04,11987900,1.53,-1.03
691,2023-06-14,101.43,103.03,100.66,102.75,12862600,2.37,1.30
692,2023-06-13,105.23,105.89,102.11,102.17,17858600,3.78,-2.91
693,2023-06-12,99.82,102.74,99.79,102.42,20568100,2.95,2.61
694,2023-06-09,98.25,100.14,97.82,98.34,14902400,2.32,0.10
695,2023-06-08,94.70,96.34,94.35,95.61,9074200,1.98,0.96
696,2023-06-07,96.99,98.55,95.23,95.94,14367500,3.33,-1.08
697,2023-06-06,93.38,96.24,93.20,95.49,13827600,3.04,2.26
698,2023-06-05,93.76,94.53,90.16,93.80,10568500,4.36,0.04
699,2023-06-02,96.86,96.91,94.35,94.65,13085100,2.56,-2.28
700,2023-06-01,94.40,96.23,94.33,94.56,14998500,1.90,0.16
701,2023-05-31,95.41,95.65,93.81,94.32,22206700,1.84,-1.14
702,2023-05-30,99.29,100.68,97.13,97.56,25248000,3.55,-1.74
703,2023-05-26,96.48,99.91,96.36,98.74,26135800,3.55,2.34
704,2023-05-25,92.85,97.93,92.78,96.57,60793200,5.16,4.01
705,2023-05-24,85.41,86.24,85.31,86.22,9443900,0.93,0.95
706,2023-05-23,87.06,87.38,86.41,86.52,7656700,0.97,-0.62
707,2023-05-22,88.08,88.43,87.25,87.74,9259800,1.19,-0.38
708,2023-05-19,88.14,88.77,87.59,88.57,9295200,1.18,0.49
709,2023-05-18,87.29,89.35,87.12,88.63,14879000,2.23,1.53
710,2023-05-17,84.47,87.82,84.24,86.94,23215600,3.58,2.92
711,2023-05-16,81.98,82.99,81.88,82.16,11283200,1.11,0.22
712,2023-05-15,79.72,81.96,79.62,81.95,8707300,2.33,2.80
713,2023-05-12,79.77,80.29,79.35,79.81,5069800,0.94,0.06
714,2023-05-11,80.49,80.49,78.95,79.81,8730900,1.54,-0.84
715,2023-05-10,80.85,81.46,80.52,81.22,7442300,0.94,0.46
716,2023-05-09,81.55,81.77,80.65,81.37,7287800,1.13,-0.22
717,2023-05-08,80.84,81.83,80.75,81.83,6746600,1.08,1.23
718,2023-05-05,80.65,81.86,80.12,81.29,6865000,1.74,0.79
719,2023-05-04,79.40,80.13,79.06,79.87,7290600,1.07,0.59
720,2023-05-03,79.04,80.13,78.87,79.12,7151600,1.26,0.10
721,2023-05-02,79.88,80.41,78.97,79.36,6875000,1.43,-0.65
722,2023-05-01,80.65,81.02,80.26,80.34,4931100,0.76,-0.38
723,2023-04-28,80.82,80.85,80.09,80.65,8262600,0.76,-0.21
724,2023-04-27,79.31,80.23,78.60,80.04,10013700,1.63,0.93
725,2023-04-26,78.68,78.81,77.69,78.68,11583500,1.12,0.01
726,2023-04-25,79.66,79.78,78.69,78.72,13423700,1.09,-1.18
727,2023-04-24,81.70,82.23,80.35,80.97,10567600,1.88,-0.89
728,2023-04-21,83.98,84.10,81.58,81.67,13175400,2.52,-2.75
729,2023-04-20,84.49,87.90,84.28,85.42,19206300,3.62,1.10
730,2023-04-19,82.49,83.59,82.31,83.45,11191300,1.28,1.16
731,2023-04-18,84.38,84.57,83.71,84.32,8468200,0.86,-0.07
732,2023-04-17,83.95,84.23,83.38,84.18,8163600,0.85,0.27
733,2023-04-14,84.14,84.54,82.79,83.42,7656400,1.75,-0.85
734,2023-04-13,82.81,83.83,82.24,83.28,7910500,1.59,0.57
735,2023-04-12,85.06,85.62,83.09,83.10,11299100,2.53,-2.29
736,2023-04-11,84.80,85.95,84.64,85.37,11079200,1.31,0.68
737,2023-04-10,84.59,85.17,82.72,85.16,12232900,2.45,0.68
738,2023-04-06,85.77,86.97,85.52,86.33,5874500,1.44,0.65
739,2023-04-05,87.63,88.18,85.19,86.29,9171800,2.99,-1.53
740,2023-04-04,89.01,89.24,87.74,88.17,6338400,1.49,-0.94
741,2023-04-03,88.98,89.54,87.73,88.82,6863600,1.81,-0.18
742,2023-03-31,87.29,89.22,87.18,88.99,8701800,2.04,1.95
743,2023-03-30,89.30,89.47,88.04,88.46,10232800,1.43,-0.94
744,2023-03-29,87.78,89.18,87.49,88.74,9264000,1.69,1.09
745,2023-03-28,86.73,86.93,86.02,86.87,7521300,0.91,0.17
746,2023-03-27,88.05,88.18,86.63,86.73,9349800,1.56,-1.50
747,2023-03-24,89.88,90.10,88.10,88.77,7653700,2.00,-1.23
748,2023-03-23,90.39,91.67,89.38,90.49,11169700,2.29,0.11
749,2023-03-22,89.45,90.91,88.53,88.61,12812400,2.38,-0.94
750,2023-03-21,87.06,88.97,86.86,88.49,12299700,2.10,1.65
751,2023-03-20,85.34,86.45,84.82,86.14,8217500,1.64,0.93
752,2023-03-17,85.20,86.13,85.14,85.59,13287700,0.99,0.46
753,2023-03-16,82.22,85.59,82.10,85.43,13184600,3.49,3.90
754,2023-03-15,82.99,83.03,81.31,82.51,12171500,1.71,-0.57
755,2023-03-14,83.78,85.30,83.47,84.98,11100100,1.83,1.43
756,2023-03-13,82.21,84.70,82.14,83.50,11847600,2.56,1.57
757,2023-03-10,83.78,84.86,82.99,83.04,11928800,1.87,-0.89
758,2023-03-09,85.38,86.31,84.29,84.59,10354700,2.02,-0.93
759,2023-03-08,84.08,86.45,83.88,86.44,8813000,2.57,2.81
760,2023-03-07,85.61,85.88,84.04,84.56,8761100,1.85,-1.22
761,2023-03-06,85.73,86.92,85.19,85.25,9960000,1.73,-0.56
762,2023-03-03,84.39,85.51,83.64,85.45,10844000,1.87,1.26
763,2023-03-02,83.41,85.02,82.91,84.73,9761600,2.11,1.59
764,2023-03-01,84.74,85.69,84.01,84.15,8176700,1.68,-0.70
765,2023-02-28,82.93,83.89,82.70,82.86,7520400,1.19,-0.08
766,2023-02-27,84.42,84.56,83.03,83.08,10609400,1.53,-1.58
767,2023-02-24,83.84,83.89,83.03,83.85,8817600,0.87,0.02
768,2023-02-23,85.94,87.55,85.14,85.73,15468300,2.41,-0.24
769,2023-02-22,83.51,83.84,82.47,82.64,10106400,1.36,-1.05
770,2023-02-21,84.11,85.10,83.25,83.41,14007600,1.85,-0.84
771,2023-02-17,85.62,85.94,84.64,85.75,11235300,1.29,0.14
772,2023-02-16,86.59,87.36,85.54,86.43,15568400,1.82,-0.18
773,2023-02-15,87.87,89.16,86.39,88.28,30208300,2.77,0.47
774,2023-02-14,91.19,94.21,90.62,93.23,15345100,3.59,2.23
775,2023-02-13,90.86,91.73,90.33,91.47,7803500,1.41,0.67
776,2023-02-10,91.32,91.84,89.70,90.76,11511400,2.14,-0.60
777,2023-02-09,91.36,93.81,91.00,92.02,16997400,2.81,0.72
778,2023-02-08,90.43,91.31,89.68,89.73,12899700,1.63,-0.78
779,2023-02-07,87.35,90.13,87.25,89.98,15258900,2.87,3.02
780,2023-02-06,87.37,87.60,86.36,87.39,12425200,1.25,0.03
781,2023-02-03,90.45,92.27,89.75,90.09,12242200,2.51,-0.40
782,2023-02-02,91.93,92.79,91.21,91.98,14925300,1.58,0.05
783,2023-02-01,88.51,91.14,88.10,90.16,16788500,3.05,1.87
784,2023-01-31,86.60,88.28,85.65,88.25,13342100,2.63,1.90
785,2023-01-30,88.37,89.70,88.11,88.63,14079800,1.59,0.30
786,2023-01-27,88.34,89.57,87.78,88.79,13646600,1.79,0.52
787,2023-01-26,89.36,89.73,88.17,88.94,15759400,1.56,-0.47
788,2023-01-25,88.20,88.51,86.72,87.95,14147300,1.79,-0.29
789,2023-01-24,91.16,93.27,87.13,89.99,11370500,6.14,-1.28
790,2023-01-23,87.33,91.11,87.29,91.04,22875100,3.82,4.25
791,2023-01-20,85.65,86.63,84.89,86.63,14287200,1.74,1.14
792,2023-01-19,84.73,85.66,84.00,84.13,13651100,1.67,-0.71
793,2023-01-18,86.11,86.81,85.04,85.15,19209800,1.77,-1.12
794,2023-01-17,82.06,85.40,82.00,84.69,21850000,3.40,3.21
795,2023-01-13,81.28,82.89,80.80,82.61,18719900,2.09,1.63
796,2023-01-12,80.86,84.54,80.34,82.80,36086800,4.20,2.40
797,2023-01-11,77.63,77.93,76.74,77.83,11771400,1.20,0.26
798,2023-01-10,76.62,77.64,76.57,77.34,10269000,1.07,0.94
799,2023-01-09,76.67,77.30,76.19,76.43,22247600,1.10,-0.31
800,2023-01-06,72.81,74.94,72.47,74.30,13744100,2.46,2.05
801,2023-01-05,72.33,72.75,71.70,72.07,10039200,1.05,-0.36
802,2023-01-04,71.37,72.91,70.87,72.63,12316400,2.04,1.77
803,2023-01-03,72.19,72.30,70.21,70.45,9276200,2.09,-2.40
804,2022-12-30,70.70,70.97,70.09,70.89,7784100,0.88,0.27
805,2022-12-29,70.76,72.37,70.57,72.33,11142500,1.80,2.22
806,2022-12-28,70.61,70.95,69.32,69.53,10275700,1.63,-1.52
807,2022-12-27,70.74,71.13,70.58,70.73,8974800,0.55,-0.01
808,2022-12-23,71.27,71.71,70.59,71.27,7452600,1.12,0.00
809,2022-12-22,72.60,72.74,70.44,71.64,13019700,2.29,-1.31
810,2022-12-21,72.20,73.68,72.11,73.41,10806100,1.57,1.69
811,2022-12-20,71.48,72.52,71.28,71.97,12080600,1.24,0.68
812,2022-12-19,73.20,73.40,72.10,72.42,12561300,1.29,-1.07
813,2022-12-16,73.86,74.29,72.55,72.61,11929100,1.74,-1.69
814,2022-12-15,75.38,75.38,73.65,73.86,17080200,1.73,-2.02
815,2022-12-14,76.48,77.14,75.25,75.73,17910000,1.88,-0.99
816,2022-12-13,77.68,77.68,75.36,76.19,16938000,2.33,-1.92
817,2022-12-12,75.51,76.11,74.57,76.11,11516600,1.54,0.80
818,2022-12-09,76.51,77.78,76.36,76.36,13787900,1.42,-0.20
819,2022-12-08,75.19,76.62,74.86,76.46,11197500,1.77,1.70
820,2022-12-07,74.76,75.43,74.37,74.99,14925300,1.06,0.30
821,2022-12-06,77.03,77.07,74.91,75.29,13992100,2.16,-2.26
822,2022-12-05,77.54,77.77,76.61,77.24,11523300,1.16,-0.39
823,2022-12-02,77.42,77.75,76.80,77.13,10519800,0.96,-0.38
824,2022-12-01,78.58,79.14,76.79,78.24,15975100,2.36,-0.43
825,2022-11-30,76.30,78.95,76.15,78.53,21667300,2.80,2.91
826,2022-11-29,75.62,75.91,74.72,75.07,11502300,1.18,-0.73
827,2022-11-28,75.96,76.73,74.66,74.97,13214200,2.07,-1.31
828,2022-11-25,77.73,77.95,77.03,77.03,5908300,0.92,-0.90
829,2022-11-23,78.02,78.50,77.34,77.57,14683800,1.15,-0.57
830,2022-11-22,76.98,78.73,76.87,78.11,16504700,1.85,1.46
831,2022-11-21,76.47,76.68,75.21,75.64,18659700,1.48,-1.09
832,2022-11-18,78.34,78.39,76.65,77.86,18578400,1.74,-0.62
833,2022-11-17,75.04,78.49,74.47,77.11,24278400,4.02,2.75
834,2022-11-16,76.24,76.25,74.67,75.19,24006600,1.58,-1.38
835,2022-11-15,77.52,78.48,75.72,76.14,48742400,2.76,-1.78
836,2022-11-14,69.31,69.73,68.36,68.89,11575300,1.36,-0.60
837,2022-11-11,68.84,70.60,68.50,69.87,15524700,2.10,1.50
838,2022-11-10,64.10,67.07,63.71,67.04,21367900,3.36,4.58
839,2022-11-09,62.96,63.03,61.46,61.51,15086800,1.56,-2.30
840,2022-11-08,60.92,62.22,60.77,61.53,14102800,1.45,1.01
841,2022-11-07,59.26,59.55,58.64,59.39,8507100,0.91,0.22
842,2022-11-04,58.21,59.15,57.75,59.13,14662800,1.40,1.58
843,2022-11-03,56.78,57.62,56.24,57.05,11040900,1.38,0.47
844,2022-11-02,59.15,59.52,57.27,57.27,16547200,2.24,-3.17
845,2022-11-01,59.87,60.03,58.28,58.28,11561900,1.75,-2.66
846,2022-10-31,58.28,58.93,57.79,58.25,10802800,1.14,-0.06
847,2022-10-28,57.51,58.70,56.85,58.68,11972300,1.85,2.04
848,2022-10-27,58.53,59.10,57.64,57.68,12937600,1.46,-1.46
849,2022-10-26,57.59,58.65,57.19,57.58,14006000,1.47,-0.03
850,2022-10-25,56.74,58.07,56.32,57.86,21700600,1.75,1.97
851,2022-10-24,57.33,58.31,56.48,58.00,25010800,1.84,1.17
852,2022-10-21,58.69,60.36,58.69,60.33,13699000,1.67,2.79
853,2022-10-20,60.33,61.78,59.98,60.17,11300900,1.80,-0.27
854,2022-10-19,59.37,60.67,58.83,60.24,12385200,1.84,1.47
855,2022-10-18,62.36,62.56,59.41,60.29,16656100,3.15,-3.32
856,2022-10-17,61.49,61.84,60.60,61.41,11280100,1.24,-0.14
857,2022-10-14,63.65,63.83,60.36,60.49,19440900,3.47,-4.97
858,2022-10-13,59.68,66.43,58.98,63.04,36639300,7.46,5.65
859,2022-10-12,60.19,60.78,59.97,60.67,16468700,0.81,0.80
860,2022-10-11,60.75,61.43,59.26,60.05,28699300,2.17,-1.17
861,2022-10-10,66.10,66.13,63.41,63.82,16042200,2.72,-3.45
862,2022-10-07,67.96,68.16,66.01,66.01,14758600,2.16,-2.87
863,2022-10-06,70.00,70.90,69.90,70.36,11796800,1.00,0.51
864,2022-10-05,69.01,70.89,68.69,70.48,14037100,2.20,2.14
865,2022-10-04,67.00,69.02,66.92,68.90,14900700,2.09,2.84
866,2022-10-03,64.43,65.84,64.02,65.53,11945100,1.82,1.72
867,2022-09-30,64.17,65.91,64.10,64.88,10472400,1.81,1.11
868,2022-09-29,66.74,66.89,64.81,65.56,16120300,2.08,-1.76
869,2022-09-28,67.29,68.41,66.91,68.26,12943600,1.50,1.43
870,2022-09-27,69.57,70.07,68.47,69.11,12430600,1.60,-0.65
871,2022-09-26,69.53,70.21,69.01,69.09,13441500,1.20,-0.63
872,2022-09-23,70.31,70.40,69.17,69.91,12685500,1.23,-0.58
873,2022-09-22,72.35,72.63,71.32,71.57,10817900,1.32,-1.07
874,2022-09-21,73.42,75.05,73.00,73.00,10869000,2.05,-0.57
875,2022-09-20,73.38,74.23,73.35,73.96,8202800,0.88,0.79
876,2022-09-19,72.44,74.03,72.44,74.03,10378600,1.59,2.19
877,2022-09-16,72.97,73.81,72.79,73.71,10604500,1.02,1.01
878,2022-09-15,74.36,75.00,73.50,73.80,10533100,1.50,-0.76
879,2022-09-14,75.04,75.43,74.32,74.96,8849600,1.11,-0.10
880,2022-09-13,75.68,76.35,73.89,74.16,12835100,2.47,-2.00
881,2022-09-12,77.13,77.63,76.94,77.30,7903000,0.70,0.22
882,2022-09-09,76.06,76.84,75.98,76.72,7084700,0.87,0.87
883,2022-09-08,74.35,75.98,74.12,75.51,8181700,1.85,1.56
884,2022-09-07,73.77,75.45,73.62,75.23,9843500,1.83,1.99
885,2022-09-06,76.25,76.25,74.83,75.31,12704400,1.42,-1.23
886,2022-09-02,76.74,78.09,75.86,76.13,8850100,2.23,-0.80
887,2022-09-01,76.65,77.00,75.39,76.82,11566000,1.61,0.23
888,2022-08-31,79.15,79.86,78.16,78.43,8887100,1.70,-0.90
889,2022-08-30,78.84,79.03,76.91,77.91,8392300,2.12,-1.18
890,2022-08-29,78.96,79.35,77.90,77.96,9639700,1.45,-1.26
891,2022-08-26,82.34,82.61,79.66,79.74,9381500,2.95,-3.15
892,2022-08-25,81.24,82.42,80.94,82.40,6602100,1.49,1.44
893,2022-08-24,80.74,81.05,80.17,80.51,7085800,0.88,-0.28
894,2022-08-23,80.14,81.49,79.98,80.96,8462500,1.52,1.02
895,2022-08-22,80.37,80.96,79.93,80.21,8054000,1.03,-0.20
896,2022-08-19,83.28,83.36,81.89,82.06,9602800,1.48,-1.47
897,2022-08-18,83.48,84.38,83.20,84.00,10947700,1.18,0.63
898,2022-08-17,83.75,84.47,83.26,83.94,9093100,1.21,0.22
899,2022-08-16,85.76,85.96,83.35,84.64,10566100,2.62,-1.31
900,2022-08-15,84.70,86.52,84.69,86.17,15949500,1.83,1.73
901,2022-08-12,84.39,85.96,84.35,85.50,12098800,1.61,1.32
902,2022-08-11,84.65,85.63,84.04,84.24,11158800,1.59,-0.49
903,2022-08-10,81.69,83.44,81.22,83.44,10704600,2.22,2.14
904,2022-08-09,81.81,82.00,79.46,80.18,13075000,2.54,-1.99
905,2022-08-08,83.73,83.84,81.78,82.75,12120300,2.06,-1.17
906,2022-08-05,82.84,85.61,82.82,84.47,13293500,2.79,1.98
907,2022-08-04,81.87,83.20,81.51,83.20,13472500,1.69,1.63
908,2022-08-03,80.89,81.65,79.57,81.41,20779400,2.08,0.64
909,2022-08-02,79.53,82.35,79.21,80.97,15541600,3.14,1.81
910,2022-08-01,80.27,81.76,79.33,81.22,20102600,2.44,1.18
911,2022-07-29,82.64,83.95,82.61,83.26,10366200,1.34,0.75
912,2022-07-28,81.99,83.39,81.35,83.38,10668200,2.04,1.70
913,2022-07-27,80.28,82.72,80.28,82.46,9399500,2.44,2.72
914,2022-07-26,79.76,80.17,78.90,79.44,6977700,1.27,-0.40
915,2022-07-25,81.21,81.59,80.58,81.21,5960900,1.01,0.00
916,2022-07-22,82.25,82.56,80.74,81.23,8612100,1.82,-1.25
917,2022-07-21,81.57,82.62,81.30,82.61,7135000,1.32,1.28
918,2022-07-20,80.16,81.63,80.09,81.45,11664800,1.54,1.62
919,2022-07-19,79.99,81.37,79.57,81.07,10673100,1.80,1.35
920,2022-07-18,80.98,81.00,78.45,78.65,11352500,2.55,-2.88
921,2022-07-15,80.53,80.96,79.02,80.58,14061000,1.95,0.06
922,2022-07-14,78.06,79.08,75.76,78.73,23377000,3.32,0.87
923,2022-07-13,74.60,76.90,74.25,76.50,14706500,2.65,2.54
924,2022-07-12,76.37,76.67,74.27,74.43,10363700,2.40,-2.54
925,2022-07-11,75.06,75.54,74.17,74.44,9519600,1.36,-0.83
926,2022-07-08,75.21,77.31,75.06,76.70,10004200,2.26,1.99
927,2022-07-07,73.96,76.18,73.72,75.89,15847800,2.47,2.61
928,2022-07-06,69.91,71.80,69.43,71.10,11530500,2.37,1.71
929,2022-07-05,70.15,71.66,69.39,71.62,22253100,2.27,2.09
930,2022-07-01,74.38,74.55,71.69,72.46,19531700,2.86,-2.58
931,2022-06-30,76.66,77.37,75.39,76.93,14201600,1.98,0.36
932,2022-06-29,79.45,79.62,78.41,78.72,7981300,1.20,-0.92
933,2022-06-28,81.07,81.69,79.37,79.37,8289200,2.32,-2.10
934,2022-06-27,81.79,81.87,80.53,80.80,7358000,1.34,-1.22
935,2022-06-24,79.19,81.44,79.19,80.85,10670100,2.26,2.10
936,2022-06-23,79.17,79.26,77.88,79.16,10370300,1.38,-0.01
937,2022-06-22,79.65,81.10,79.56,79.90,7868700,1.53,0.32
938,2022-06-21,80.93,82.57,80.93,81.82,9604000,1.65,1.10
939,2022-06-17,79.99,80.55,79.00,79.99,9735500,1.55,0.00
940,2022-06-16,80.19,80.86,79.04,79.53,10505200,1.83,-0.82
941,2022-06-15,81.92,84.07,81.79,83.43,11742500,2.28,1.85
942,2022-06-14,81.20,82.26,80.77,81.62,10449600,1.49,0.52
943,2022-06-13,80.56,81.28,79.59,80.08,14603700,1.69,-0.59
944,2022-06-10,84.75,84.92,82.97,83.01,10460400,1.96,-2.05
945,2022-06-09,87.06,87.52,85.00,85.04,8086700,2.53,-2.31
946,2022-06-08,87.99,88.86,87.19,87.50,6446300,1.68,-0.56
947,2022-06-07,86.75,87.86,85.90,87.84,7360200,1.96,1.26
948,2022-06-06,88.93,89.43,86.93,87.16,9440200,2.50,-1.99
949,2022-06-03,88.33,88.53,86.96,87.78,9137100,1.57,-0.63
950,2022-06-02,87.98,90.21,87.64,90.18,6335000,2.57,2.50
951,2022-06-01,89.49,90.20,87.83,88.69,6152400,2.37,-0.89
952,2022-05-31,89.43,90.14,88.47,89.21,9621700,1.67,-0.25
953,2022-05-27,86.70,87.82,86.62,87.78,6279000,1.21,1.24
954,2022-05-26,83.70,85.53,83.35,85.18,9762700,2.18,1.78
955,2022-05-25,83.62,85.11,83.35,84.63,9113500,1.76,1.21
956,2022-05-24,83.80,84.06,82.86,83.05,8788600,1.20,-0.89
957,2022-05-23,85.20,86.04,84.86,85.65,6920500,1.18,0.53
958,2022-05-20,87.09,87.09,83.15,84.98,10469900,3.94,-2.43
959,2022-05-19,84.10,86.21,83.84,84.44,7739000,2.38,0.41
960,2022-05-18,86.19,87.27,84.59,84.74,9610900,2.68,-1.67
961,2022-05-17,87.34,87.51,86.47,87.36,7668800,1.05,0.02
962,2022-05-16,84.13,85.53,83.78,84.63,6729100,1.75,0.60
963,2022-05-13,83.19,85.52,82.53,85.15,11180600,3.00,2.35
964,2022-05-12,80.71,82.57,79.93,82.09,11592900,2.64,1.70
965,2022-05-11,83.19,84.78,82.19,82.22,11531300,2.59,-1.17
966,2022-05-10,84.27,84.52,82.46,83.14,11690400,2.06,-1.33
967,2022-05-09,84.19,84.43,81.45,81.72,11428600,2.98,-2.94
968,2022-05-06,85.56,86.94,84.50,85.77,7944900,2.44,0.25
969,2022-05-05,88.03,88.35,85.39,86.26,11517200,2.96,-2.01
970,2022-05-04,87.91,89.93,86.04,89.85,9082500,3.88,2.21
971,2022-05-03,86.85,88.04,86.60,87.65,9511900,1.44,0.92
972,2022-05-02,86.59,88.24,85.41,87.77,8251900,2.84,1.36
973,2022-04-29,87.22,89.48,86.84,86.99,10629300,2.64,-0.27
974,2022-04-28,86.27,90.05,85.91,89.13,15176200,4.14,3.32
975,2022-04-27,85.97,86.77,84.45,84.49,15846300,2.31,-1.72
976,2022-04-26,88.87,88.95,86.84,86.84,14176000,2.11,-2.29
977,2022-04-25,88.97,90.13,88.41,90.09,10654400,1.71,1.25
978,2022-04-22,90.83,91.54,89.26,89.56,11650100,2.27,-1.39
979,2022-04-21,93.37,94.22,91.18,91.42,13038500,3.03,-2.10
980,2022-04-20,93.98,94.54,92.58,92.68,8596900,1.97,-1.38
981,2022-04-19,92.15,93.09,91.46,93.09,10103000,1.63,1.03
982,2022-04-18,91.69,93.46,91.24,92.46,10277400,2.22,0.84
983,2022-04-14,97.35,97.82,92.05,92.07,17828500,5.78,-5.42
984,2022-04-13,93.42,95.69,93.14,95.01,15776800,2.55,1.70
985,2022-04-12,93.61,93.75,91.21,91.21,13291500,2.54,-2.56
986,2022-04-11,91.94,92.09,90.72,91.33,12480500,1.38,-0.66
987,2022-04-08,94.19,94.26,92.78,92.94,11796200,1.48,-1.32
988,2022-04-07,94.00,94.76,93.28,94.10,12431000,1.48,0.10
989,2022-04-06,94.00,95.61,93.35,94.71,14902600,2.27,0.76
990,2022-04-05,97.80,97.91,95.58,95.95,12291000,2.33,-1.90
991,2022-04-04,97.37,98.82,96.68,98.09,9077200,2.14,0.74
992,2022-04-01,99.01,99.18,95.68,96.22,12085100,3.50,-2.82
993,2022-03-31,100.12,100.30,97.53,97.60,13021600,2.77,-2.52
994,2022-03-30,100.90,102.35,99.70,99.91,15456300,2.65,-0.98
995,2022-03-29,101.02,102.74,99.96,102.27,14076200,2.78,1.23
996,2022-03-28,98.87,99.90,97.92,99.53,8151200,1.98,0.67
997,2022-03-25,100.81,101.08,99.08,99.91,7432100,2.00,-0.89
998,2022-03-24,99.96,101.08,99.07,101.02,10834000,2.01,1.07
999,2022-03-23,99.69,101.27,98.62,98.62,12905300,2.66,-1.08
1000,2022-03-22,99.59,101.06,99.44,100.20,10401200,1.62,0.61
1001,2022-03-21,99.90,100.37,98.41,100.09,10366100,1.96,0.19
1002,2022-03-18,98.95,100.20,98.19,99.90,10218200,2.01,0.96
1003,2022-03-17,98.99,99.72,98.05,99.68,8042000,1.67,0.70
1004,2022-03-16,96.41,99.03,96.24,98.93,20347100,2.79,2.62
1005,2022-03-15,91.32,95.15,90.94,95.11,13415600,4.21,4.14
1006,2022-03-14,94.58,94.89,92.29,92.51,17959400,2.60,-2.19
1007,2022-03-11,98.15,98.15,94.37,94.47,18116400,3.78,-3.75
1008,2022-03-10,97.06,98.31,95.51,96.85,11811000,2.80,-0.22
1009,2022-03-09,97.36,98.49,95.73,97.77,14348400,2.76,0.42
1010,2022-03-08,93.35,96.06,91.87,93.16,25650000,4.18,-0.21
1011,2022-03-07,96.22,96.97,92.28,92.50,29422900,4.69,-3.87
1012,2022-03-04,99.68,100.72,96.71,97.87,22372100,4.02,-1.81
1013,2022-03-03,102.39,102.47,100.24,101.35,10841700,2.24,-1.02
1014,2022-03-02,100.98,102.45,100.48,102.11,13342400,1.97,1.12
1015,2022-03-01,102.47,103.51,99.73,100.66,20377900,3.78,-1.77
1016,2022-02-28,101.89,102.26,97.82,99.69,26390800,4.44,-2.16
1017,2022-02-25,104.61,105.27,101.88,103.62,14258900,3.39,-0.94
1018,2022-02-24,100.61,104.32,97.24,104.23,27539100,7.08,3.59
1019,2022-02-23,110.44,111.26,107.84,107.97,8114700,3.42,-2.24
1020,2022-02-22,109.46,111.19,107.80,108.91,9793500,3.39,-0.50
1021,2022-02-18,112.28,112.43,110.35,111.15,8389000,2.09,-1.00
1022,2022-02-17,114.11,114.35,111.46,111.57,7976700,2.89,-2.23
1023,2022-02-16,114.72,115.79,113.25,115.14,5749500,2.53,0.37
1024,2022-02-15,113.67,116.09,113.15,116.00,9248700,2.93,2.05
1025,2022-02-14,111.74,113.23,109.93,111.58,8081800,3.31,-0.15
1026,2022-02-11,116.91,117.92,112.21,112.73,9845700,5.71,-3.58
1027,2022-02-10,116.26,119.86,115.85,116.18,10474900,4.01,-0.07
1028,2022-02-09,116.34,116.96,114.36,116.93,10979700,2.60,0.51
1029,2022-02-08,113.65,115.39,113.29,115.25,7036200,2.10,1.40
1030,2022-02-07,114.18,115.61,113.54,113.94,6562900,2.07,-0.20
1031,2022-02-04,112.20,113.50,111.22,112.74,5743200,2.27,0.48
1032,2022-02-03,113.14,115.41,111.09,111.64,9926800,4.31,-1.33
1033,2022-02-02,117.59,117.82,114.17,115.66,8562900,3.65,-1.65
1034,2022-02-01,114.49,114.81,111.88,114.63,6956300,2.93,0.12
1035,2022-01-31,111.34,114.37,110.68,114.24,10189100,3.69,2.60
1036,2022-01-28,110.59,111.42,106.38,109.56,14005900,5.04,-0.93
1037,2022-01-27,115.52,115.65,108.09,108.42,18599800,7.56,-6.15
1038,2022-01-26,116.80,118.00,113.55,114.66,13592100,4.45,-1.83
1039,2022-01-25,116.91,117.21,113.37,114.10,11370500,3.84,-2.40
1040,2022-01-24,115.30,117.45,111.91,117.34,17083400,5.53,1.77
1041,2022-01-21,118.39,119.22,115.77,116.01,15573700,3.46,-2.01
1042,2022-01-20,122.90,123.67,119.43,119.55,11421900,4.24,-2.72
1043,2022-01-19,125.41,126.60,121.98,122.05,11155100,4.62,-2.68
1044,2022-01-18,127.40,127.80,124.17,124.67,15191400,3.62,-2.14
1045,2022-01-14,126.78,134.04,126.78,131.04,28255300,7.26,3.36
1046,2022-01-13,131.12,135.08,129.42,129.67,52020000,5.66,-1.11
1047,2022-01-12,121.57,123.83,121.31,123.18,16389200,2.52,1.33
1048,2022-01-11,117.88,120.69,116.91,120.33,12113100,3.77,2.08
1049,2022-01-10,116.55,117.26,114.83,116.46,11857700,2.43,-0.08
1050,2022-01-07,117.89,118.44,114.87,115.05,21248100,3.57,-2.41
1051,2022-01-06,118.31,120.18,116.27,119.68,16249000,3.90,1.16
1052,2022-01-05,121.77,121.93,118.20,118.37,17891200,3.73,-2.79
1053,2022-01-04,121.92,126.23,121.39,124.27,25554900,4.84,1.93
1054,2022-01-03,115.64,120.72,115.52,119.99,18592000,5.21,3.76
1055,2021-12-31,113.05,113.42,112.00,112.08,3888200,1.43,-0.86
1056,2021-12-30,112.72,113.23,111.97,112.18,4187800,1.27,-0.48
1057,2021-12-29,113.47,114.73,112.69,113.10,5847700,2.03,-0.32
1058,2021-12-28,114.94,115.20,113.53,113.71,6321000,1.67,-1.07
1059,2021-12-27,112.93,114.83,112.91,114.31,6309900,1.92,1.22
1060,2021-12-23,112.69,113.46,111.64,112.42,6512500,1.82,-0.23
1061,2021-12-22,108.92,113.13,108.84,113.00,9300100,4.29,3.75
1062,2021-12-21,108.13,109.46,107.21,109.41,6122900,2.25,1.18
1063,2021-12-20,107.99,108.64,106.12,107.08,6980800,2.52,-0.85
1064,2021-12-17,108.33,109.45,108.00,108.36,11725600,1.45,0.03
1065,2021-12-16,112.11,112.49,108.19,108.60,9116100,4.29,-3.13
1066,2021-12-15,108.35,111.80,108.06,111.70,6700700,3.74,3.09
1067,2021-12-14,107.10,108.53,106.92,107.89,6267300,1.61,0.74
1068,2021-12-13,110.27,110.43,107.98,108.01,5854300,2.45,-2.05
1069,2021-12-10,111.33,112.06,109.70,110.52,5973900,2.37,-0.73
1070,2021-12-09,112.43,113.27,110.86,110.87,6103900,2.41,-1.39
1071,2021-12-08,112.84,113.39,111.43,113.00,5795700,1.96,0.14
1072,2021-12-07,111.83,113.72,111.57,113.48,7459200,2.15,1.48
1073,2021-12-06,110.30,110.87,108.16,110.53,5681200,2.71,0.21
1074,2021-12-03,112.26,113.05,109.46,110.71,7809000,3.59,-1.38
1075,2021-12-02,111.66,114.48,111.35,112.91,8425500,3.14,1.12
1076,2021-12-01,110.61,114.59,110.61,111.91,12924400,3.98,1.18
1077,2021-11-30,109.57,111.49,107.40,108.69,10561800,4.09,-0.80
1078,2021-11-29,109.81,111.22,109.38,110.66,7634000,1.84,0.78
1079,2021-11-26,109.01,110.44,108.10,108.63,6766900,2.34,-0.35
1080,2021-11-24,111.33,112.14,109.85,111.99,6992600,2.29,0.59
1081,2021-11-23,113.85,114.30,110.89,112.59,10984000,3.41,-1.11
1082,2021-11-22,114.58,118.84,114.31,115.74,16076100,4.53,1.01
1083,2021-11-19,113.21,115.78,113.20,115.28,9071800,2.58,1.83
1084,2021-11-18,111.30,114.63,111.14,114.48,13229700,3.49,2.85
1085,2021-11-17,109.47,110.91,109.02,110.46,6391400,1.89,0.90
1086,2021-11-16,109.19,109.83,108.70,109.55,5555100,1.13,0.33
1087,2021-11-15,110.70,111.00,109.02,109.59,5157000,1.98,-1.01
1088,2021-11-12,109.84,110.24,108.80,110.11,6947200,1.44,0.25
1089,2021-11-11,110.64,111.77,109.29,109.65,6994000,2.48,-0.90
1090,2021-11-10,110.96,112.07,109.18,109.66,9046100,2.89,-1.17
1091,2021-11-09,112.49,114.36,111.49,112.98,10874100,2.88,0.44
1092,2021-11-08,109.84,113.42,108.59,112.17,15776300,4.82,2.13
1093,2021-11-05,109.63,110.89,107.85,109.29,8668100,3.04,-0.31
1094,2021-11-04,105.18,109.34,104.29,109.28,14682800,5.05,3.90
1095,2021-11-03,105.24,105.86,104.59,105.77,6073000,1.27,0.50
1096,2021-11-02,105.38,106.51,105.34,105.87,4479700,1.17,0.46
1097,2021-11-01,105.37,106.08,105.16,105.88,4955700,0.92,0.48
1098,2021-10-29,105.83,105.94,105.04,105.49,7118900,0.90,-0.32
1099,2021-10-28,105.45,107.64,105.34,107.63,5714300,2.30,2.07
1100,2021-10-27,105.79,106.75,105.49,105.53,5394500,1.25,-0.25
1101,2021-10-26,106.64,106.97,105.50,105.93,4852300,1.47,-0.66
1102,2021-10-25,106.13,106.27,104.94,105.43,6667700,1.34,-0.66
1103,2021-10-22,107.84,108.69,105.98,105.98,6283000,2.71,-1.73
1104,2021-10-21,106.70,107.94,106.33,107.89,4640300,1.61,1.11
1105,2021-10-20,108.44,108.57,107.20,107.24,8205800,1.37,-1.10
1106,2021-10-19,107.43,108.53,107.28,108.51,5406100,1.25,1.00
1107,2021-10-18,105.23,107.02,105.23,107.01,6773800,1.79,1.69
1108,2021-10-15,106.49,106.65,104.80,106.56,11558800,1.85,0.07
1109,2021-10-14,105.89,106.45,103.13,104.43,16930500,3.32,-1.38
1110,2021-10-13,101.42,102.10,101.08,102.03,7845100,1.02,0.60
1111,2021-10-12,102.49,103.01,100.72,101.31,9294600,2.29,-1.15
1112,2021-10-11,102.13,103.64,101.96,102.29,5318500,1.68,0.16
1113,2021-10-08,102.96,103.05,101.60,102.09,5143400,1.45,-0.85
1114,2021-10-07,102.98,103.64,102.51,102.82,7821900,1.13,-0.15
1115,2021-10-06,100.61,101.61,99.81,101.44,7553600,1.80,0.83
1116,2021-10-05,101.87,102.38,101.33,101.37,8039600,1.05,-0.49
1117,2021-10-04,102.98,103.38,100.68,101.14,8514500,2.70,-1.78
1118,2021-10-01,103.91,104.19,102.33,103.50,5315200,1.86,-0.39
1119,2021-09-30,104.31,105.16,103.58,103.58,6433400,1.58,-0.69
1120,2021-09-29,104.19,104.70,103.00,103.56,6522400,1.70,-0.61
1121,2021-09-28,106.07,106.73,103.77,103.82,9792300,2.96,-2.13
1122,2021-09-27,107.34,108.15,106.70,107.76,5198800,1.45,0.39
1123,2021-09-24,107.62,108.14,107.18,107.29,4455900,0.96,-0.31
1124,2021-09-23,108.52,108.52,107.24,107.80,5484700,1.28,-0.67
1125,2021-09-22,106.90,107.84,106.61,107.50,5345600,1.23,0.56
1126,2021-09-21,107.29,107.50,106.27,106.65,8182200,1.22,-0.60
1127,2021-09-20,106.88,107.63,105.35,106.41,8991000,2.28,-0.43
1128,2021-09-17,111.51,111.77,109.19,109.24,10722700,2.58,-2.03
1129,2021-09-16,111.33,112.38,110.73,112.06,7301400,1.65,0.66
1130,2021-09-15,113.10,113.18,111.69,112.26,5566500,1.50,-0.74
1131,2021-09-14,114.23,114.23,113.09,113.73,5110500,1.14,-0.44
1132,2021-09-13,113.59,114.66,112.91,114.22,6622800,1.76,0.55
1133,2021-09-10,113.67,114.88,113.55,113.62,5163900,1.34,-0.04
1134,2021-09-09,112.90,114.10,112.61,113.35,5101300,1.49,0.40
1135,2021-09-08,113.62,113.78,112.01,112.62,7983300,1.76,-0.88
1136,2021-09-07,115.14,115.75,114.47,115.22,9739900,1.28,0.06
1137,2021-09-03,112.33,115.01,112.04,114.54,10361400,2.98,1.97
1138,2021-09-02,111.74,112.16,111.30,111.60,6866400,0.86,-0.12
1139,2021-09-01,111.08,112.13,110.47,111.30,8603900,1.66,0.20
1140,2021-08-31,110.88,111.61,109.67,109.96,8424900,1.94,-0.83
1141,2021-08-30,109.84,110.41,109.46,109.94,6434200,0.95,0.09
1142,2021-08-27,109.33,110.23,108.74,109.48,6827700,1.49,0.14
1143,2021-08-26,109.01,109.45,107.50,109.12,9892100,1.95,0.10
1144,2021-08-25,106.91,110.12,106.82,108.13,22106800,3.30,1.14
1145,2021-08-24,103.32,104.47,103.30,103.58,6719800,1.17,0.26
1146,2021-08-23,101.71,102.86,100.96,102.52,9533500,1.90,0.80
1147,2021-08-20,100.84,101.37,99.54,99.90,13042000,1.83,-0.93
1148,2021-08-19,100.71,102.53,99.49,102.12,12146900,3.04,1.39
1149,2021-08-18,103.24,104.41,101.99,102.05,9167300,2.42,-1.15
1150,2021-08-17,105.08,105.19,102.33,102.66,13398800,2.86,-2.30
1151,2021-08-16,106.35,106.70,105.42,105.91,5435900,1.28,-0.41
1152,2021-08-13,106.32,106.74,105.78,106.72,4593200,0.95,0.37
1153,2021-08-12,106.76,107.13,105.74,106.90,6338400,1.40,0.13
1154,2021-08-11,107.64,108.37,106.44,107.17,4490400,1.93,-0.44
1155,2021-08-10,109.49,110.00,105.41,107.51,5132800,4.59,-1.81
1156,2021-08-09,109.42,109.76,108.40,109.23,4280200,1.36,-0.17
1157,2021-08-06,109.37,109.58,108.52,109.22,4338100,1.06,-0.14
1158,2021-08-05,110.02,110.17,109.25,110.15,4452300,0.92,0.13
1159,2021-08-04,109.42,110.46,109.29,109.71,4254000,1.17,0.26
1160,2021-08-03,108.39,109.62,107.96,109.41,5874700,1.66,0.94
1161,2021-08-02,108.57,109.38,107.79,107.97,6028800,1.59,-0.54
1162,2021-07-30,106.72,108.49,106.43,107.77,6482600,2.06,0.99
1163,2021-07-29,107.18,108.20,106.82,107.32,7162000,1.39,0.13
1164,2021-07-28,105.28,106.73,105.22,106.32,6819700,1.51,0.99
1165,2021-07-27,106.55,106.62,103.53,104.91,11127500,3.10,-1.54
1166,2021-07-26,106.99,107.27,106.14,106.86,6440600,1.14,-0.12
1167,2021-07-23,108.70,108.70,106.56,107.91,5773900,2.14,-0.73
1168,2021-07-22,109.11,109.11,107.37,107.70,5746500,1.74,-1.30
1169,2021-07-21,107.39,108.91,107.11,108.91,5564700,1.79,1.41
1170,2021-07-20,107.07,107.98,105.73,107.55,7108000,2.25,0.45
1171,2021-07-19,105.33,106.83,104.62,106.58,9230200,2.21,1.18
1172,2021-07-16,109.72,109.94,106.41,106.94,12110000,3.53,-2.53
1173,2021-07-15,110.99,111.52,107.98,108.59,23734500,3.54,-2.16
1174,2021-07-14,115.63,116.22,114.64,114.93,10587700,1.58,-0.61
1175,2021-07-13,113.82,115.94,112.84,114.48,13460200,3.10,0.58
1176,2021-07-12,111.97,113.40,110.43,113.30,10668700,2.97,1.19
1177,2021-07-09,109.03,111.60,108.68,111.39,8374200,2.93,2.17
1178,2021-07-08,107.06,109.29,106.61,108.91,7565400,2.68,1.73
1179,2021-07-07,111.47,111.85,109.22,109.26,7391800,2.62,-1.98
1180,2021-07-06,110.74,111.76,109.23,110.92,7181500,2.53,0.17
1181,2021-07-02,109.72,110.12,109.41,109.87,5144300,0.71,0.13
1182,2021-07-01,110.97,111.07,109.05,109.42,8295600,2.01,-1.40
1183,2021-06-30,111.02,111.58,109.96,111.02,7936400,1.62,0.00
1184,2021-06-29,110.32,111.14,109.42,111.09,7874900,1.73,0.70
1185,2021-06-28,108.37,110.83,108.27,110.51,11026600,2.56,1.98
1186,2021-06-25,108.52,108.96,107.67,107.67,6712800,1.29,-0.78
1187,2021-06-24,107.84,108.72,107.43,108.32,6772200,1.29,0.45
1188,2021-06-23,107.36,108.49,107.00,107.23,8913700,1.49,-0.13
1189,2021-06-22,104.87,105.78,103.49,105.64,11792400,2.29,0.73
1190,2021-06-21,106.61,106.62,104.43,105.46,11116200,2.20,-1.07
1191,2021-06-18,108.57,108.93,106.45,106.99,12532800,2.48,-1.46
1192,2021-06-17,108.73,111.10,108.65,110.06,7608100,2.45,1.22
1193,2021-06-16,110.04,110.36,108.15,108.63,8059400,2.21,-1.28
1194,2021-06-15,110.77,112.29,109.78,109.95,8196900,2.51,-0.75
1195,2021-06-14,109.12,111.37,109.03,111.36,7610300,2.34,2.06
1196,2021-06-11,108.88,109.00,107.84,108.84,6036600,1.16,-0.03
1197,2021-06-10,107.73,109.39,107.35,108.83,8566600,2.04,1.03
1198,2021-06-09,106.77,108.29,106.74,107.81,6401600,1.55,0.97
1199,2021-06-08,108.20,108.32,105.90,106.70,11564800,2.41,-1.39
1200,2021-06-07,108.74,109.30,108.21,108.81,6266000,1.09,0.07
1201,2021-06-04,108.82,110.31,108.66,110.00,5352100,1.66,1.08
1202,2021-06-03,108.66,108.85,107.19,107.52,4912200,1.66,-1.04
1203,2021-06-02,109.44,109.95,108.54,109.48,5383400,1.41,0.04
1204,2021-06-01,110.18,110.49,108.09,109.08,7596100,2.40,-1.00
1205,2021-05-28,107.05,108.46,106.72,108.02,5386500,1.74,0.91
1206,2021-05-27,106.77,107.26,105.85,106.56,6513700,1.41,-0.20
1207,2021-05-26,104.93,106.77,104.93,106.77,6605100,1.84,1.75
1208,2021-05-25,105.71,105.79,104.56,105.19,5331700,1.23,-0.50
1209,2021-05-24,103.33,105.43,103.20,104.59,6653600,2.23,1.22
1210,2021-05-21,104.93,104.93,102.80,102.95,5979400,2.13,-1.89
1211,2021-05-20,103.45,104.67,103.18,104.27,6442500,1.49,0.79
1212,2021-05-19,99.87,103.54,99.41,103.46,7280500,4.13,3.59
1213,2021-05-18,104.01,104.45,101.93,102.02,7476600,2.52,-1.91
1214,2021-05-17,100.39,101.27,99.29,101.06,10688600,1.99,0.67
1215,2021-05-14,101.81,103.85,101.47,103.51,8425200,2.38,1.67
1216,2021-05-13,100.66,102.56,99.31,100.10,10552000,3.25,-0.56
1217,2021-05-12,100.65,101.33,99.46,99.60,15058900,1.87,-1.04
1218,2021-05-11,101.00,104.00,100.45,103.87,10007700,3.55,2.84
1219,2021-05-10,105.83,106.20,103.30,103.37,12281200,2.90,-2.32
1220,2021-05-07,108.98,109.92,106.82,107.53,9614300,3.10,-1.33
1221,2021-05-06,106.13,108.28,105.35,107.69,8581700,2.93,1.47
1222,2021-05-05,106.77,107.22,105.71,106.20,7059000,1.51,-0.53
1223,2021-05-04,105.85,106.60,104.69,106.18,9638300,1.91,0.31
1224,2021-05-03,108.12,108.20,106.52,106.71,10229500,1.68,-1.30
1225,2021-04-30,108.62,108.78,107.37,107.45,7950700,1.41,-1.08
1226,2021-04-29,111.11,111.22,108.25,109.62,8831800,2.96,-1.34
1227,2021-04-28,110.45,110.84,109.28,110.14,6476500,1.56,-0.28
1228,2021-04-27,111.83,111.97,110.35,111.62,5491800,1.62,-0.19
1229,2021-04-26,110.45,111.87,109.90,111.85,8444000,1.97,1.27
1230,2021-04-23,107.30,109.27,106.71,109.20,8380300,2.57,1.77
1231,2021-04-22,108.15,108.15,105.31,106.14,7411800,2.84,-1.86
1232,2021-04-21,105.39,108.14,104.72,108.06,8472200,3.42,2.53
1233,2021-04-20,106.82,107.49,105.43,105.80,9299200,2.05,-0.95
1234,2021-04-19,108.61,109.42,106.03,106.22,12630300,3.39,-2.20
1235,2021-04-16,109.71,111.00,108.47,109.38,9512100,2.53,-0.29
1236,2021-04-15,112.02,112.29,107.28,108.93,18709100,5.01,-2.75
1237,2021-04-14,112.28,112.69,110.91,111.22,9521900,1.78,-0.94
1238,2021-04-13,112.66,113.12,110.77,111.62,8384800,2.35,-0.92
1239,2021-04-12,112.49,112.72,109.75,111.28,9868400,2.96,-1.07
1240,2021-04-09,112.98,113.62,112.02,113.03,8315200,1.60,0.04
1241,2021-04-08,111.72,113.97,111.72,113.61,10226700,2.25,1.69
1242,2021-04-07,112.70,112.85,110.30,110.35,11193200,2.55,-2.08
1243,2021-04-06,114.13,114.14,111.87,112.70,13042300,2.27,-1.26
1244,2021-04-05,116.96,117.26,112.92,114.59,14113900,4.34,-2.02
1245,2021-04-01,113.04,114.94,111.96,114.87,17904000,2.98,1.62
1246,2021-03-31,106.58,108.94,106.36,108.87,9806500,2.58,2.15
1247,2021-03-30,106.11,106.85,105.20,105.91,8206200,1.66,-0.18
1248,2021-03-29,107.28,107.47,103.45,105.29,10863600,4.02,-1.85
1249,2021-03-26,103.09,107.41,102.35,107.28,12910900,5.06,4.07
1250,2021-03-25,99.41,103.78,99.30,101.66,16772400,4.47,2.27
1251,2021-03-24,103.52,105.56,100.19,100.29,24196100,5.38,-3.12
1252,2021-03-23,106.86,107.46,105.50,105.75,8977400,1.96,-1.04
1253,2021-03-22,105.66,108.91,105.66,107.86,9376400,3.26,2.08
1254,2021-03-19,105.28,105.75,104.20,104.59,11536000,1.55,-0.66
1255,2021-03-18,108.61,108.91,105.02,105.39,10283800,3.89,-2.97
